open_time,open,high,low,close,volume,close_time,quote_volume,num_trades,taker_buy_base,taker_buy_quote,ignore,daily_return,7d_return,volatility,rsi,macd,sma_20,sma_50,sma_200,bb_upper,bb_lower,stoch,next_day_return,label
2023-09-27,26221.68,26850.0,26112.06,26221.67,18495.35066,2023-09-27 23:59:59.999,918797815.048481,939690,16813.75506,444221386.42614096,0,-0.0031606386816709,-0.0363315161266375,0.0183849143950877,45.09450461016786,-57.976669659521576,26347.002999999997,26826.258,27918.51815,27264.289504972083,25429.71649502791,26.60811911131788,0.005770799495226742,1
2023-09-28,26373.0,27308.48,26342.4,26372.99,34771.57978,2023-09-28 23:59:59.999,1193420040.1309185,1158974,22463.19242,602340703.6015062,0,0.0057707994952267,-0.0277238709677418,0.0184118651451862,47.73548236911126,-59.41950608744082,26352.902499999997,26758.3094,27948.10445,27269.263493405386,25436.54150659461,25.61967972888818,0.024585759900564774,2
2023-09-29,27021.39,27244.89,26665.16,27021.39,44517.83491,2023-09-29 23:59:59.999,767827314.931909,878610,14409.35554,388591243.2591525,0,0.0245857599005647,0.0170622039680699,0.0151897715260257,57.229045248625454,-8.148571595498652,26408.446999999996,26707.0974,27973.22585,27345.25424668627,25471.639753313724,69.04581711997106,-0.004234793250828317,1
2023-09-30,26906.96,27094.99,26886.31,26906.96,28478.76219,2023-09-30 23:59:59.999,345406056.6806953,534908,6221.24272,167818583.0599575,0,-0.0042347932508283,0.0122956462983265,0.0149659012147788,55.31927833158261,22.985506101555075,26458.7145,26656.1216,27987.193249999997,27389.212659342036,25528.216340657968,61.38194774664959,0.002066379851161315,1
2023-10-01,26962.57,28065.51,26954.09,26962.56,12804.62307,2023-10-01 23:59:59.999,674657121.9944204,883593,12815.98694,351622961.4701274,0,0.0020663798511613,0.0145469815577687,0.0117001931923,56.08608451075211,51.55168656390015,26514.762,26606.8522,27998.654,27424.635617764532,25604.888382235466,65.10571893564452,0.03820149125305594,2
2023-10-02,27992.58,28580.0,27281.44,27992.57,24602.81468,2023-10-02 23:59:59.999,1600944483.4902065,1464158,28423.61,797598852.4797783,0,0.0382014912530559,0.0664494342127017,0.0134181565348633,67.28668512468107,155.51115346102233,26656.2645,26578.1002,28017.18855,27561.16768926333,25751.361310736676,96.48490397821746,-0.017792578530660186,1
2023-10-03,27494.51,27676.52,27160.5,27494.51,57071.14241,2023-10-03 23:59:59.999,794301815.4265021,1202377,13562.03527,372402100.79675114,0,-0.0177925785306601,0.0452274698049519,0.013935441027715,59.39749879114682,195.45738930963853,26738.984999999997,26541.9136,28029.667200000004,27632.73287434709,25845.237125652904,58.08174424801312,-0.0024750395624435484,1
2023-10-04,27426.45,27839.72,27202.0,27426.46,28928.96555,2023-10-04 23:59:59.999,820421385.2557852,1188381,15077.70185,414806576.3484014,0,-0.0024750395624435,0.0459463489548912,0.0139558942441677,58.39016379407799,219.0983730735461,26799.208,26501.8242,28029.82385,27707.69448920276,25890.721510797244,55.45386439290374,0.012838332034101452,1
2023-10-05,27778.57,28120.39,27352.0,27778.57,29816.142,2023-10-05 23:59:59.999,849415594.0472504,1210397,14985.99405,415039706.5866476,0,0.0128383320341014,0.0532961943260887,0.0140196912967695,61.98285716658399,263.21221080226314,26862.0,26473.395599999996,28034.179249999997,27855.034908006743,25868.965091993257,69.05126006935595,-0.013254101993011136,1
2023-10-06,27410.39,28295.0,27175.94,27410.39,30681.49619,2023-10-06 23:59:59.999,1052864393.8176136,1326700,19091.24006,529241188.55736893,0,-0.0132541019930111,0.0143960025742568,0.0142991900616769,56.49041573028945,265.4042806945399,26902.5195,26446.993200000004,28031.36685,27915.420545225526,25889.61845477448,54.833290854746394,0.01899644623808716,1
2023-10-07,27931.1,28029.67,27842.08,27931.09,37983.24277,2023-10-07 23:59:59.999,372820279.52314305,641623,6392.35089,178534947.7787839,0,0.0189964462380871,0.0380618992260739,0.0146086932714976,61.664222310394685,305.63448610080013,26971.0905,26473.1468,28032.437250000003,28064.36214877672,25877.818851223277,74.94110923175546,0.0009158253401495564,1
2023-10-08,27956.67,28095.14,27687.5,27956.67,13348.83825,2023-10-08 23:59:59.999,549839951.4800811,822730,9216.08271,257333249.5330772,0,0.0009158253401495,0.0368700153101189,0.0142779964253697,61.90388673358564,335.7114335148108,27042.548499999997,26511.2002,28031.69325,28195.6914109746,25889.405589025395,75.92892946237549,-0.0014171931063320375,1
2023-10-09,27917.06,27987.93,27260.0,27917.05,19693.56921,2023-10-09 23:59:59.999,870014634.3621609,1156525,15077.43003,415887241.10445,0,-0.001417193106332,-0.0026978587532334,0.0140023417879886,61.26501969154398,352.28965233188865,27100.2755,26547.541,28035.02365,28305.96003976112,25894.59096023888,74.39892799493344,-0.01171076456860598,1
2023-10-10,27590.12,27735.0,27298.0,27590.12,31534.74639,2023-10-10 23:59:59.999,626258724.2775784,1002272,10851.22317,298354384.6981499,0,-0.0117107645686059,0.0034774214925088,0.0142361347009357,56.11839179215763,335.18370237567433,27119.2685,26575.543599999997,28031.4972,28343.11590961077,25895.42109038923,60.27226828700541,-0.007248971733359588,1
2023-10-11,27390.12,27477.39,26538.66,27390.12,22776.84383,2023-10-11 23:59:59.999,1007065585.9346406,1336479,17460.0774,470620209.78574467,0,-0.0072489717333595,-0.0013249978305621,0.0143183974135439,53.17545257778722,302.00743158518526,27132.5245,26600.807600000004,28031.17545,28362.063085347767,25902.985914652232,51.786510206893134,-0.018787796475517426,1
2023-10-12,26875.52,26947.04,26555.0,26875.52,37349.44706,2023-10-12 23:59:59.999,626909068.3868717,1066082,11128.85943,297794983.5412317,0,-0.0187877964755174,-0.0325088728469463,0.013865659084304,46.42880464884132,231.5222344520662,27147.896499999995,26617.197999999997,28028.238299999997,28356.32965214826,25939.46334785173,23.825527350732894,-0.004312102612340163,1
2023-10-13,26759.63,27130.0,26685.0,26759.63,23428.64112,2023-10-13 23:59:59.999,647553796.3580662,1035322,11209.65389,301049285.742293,0,-0.0043121026123401,-0.0237413623082342,0.0131036408125099,45.04280492419069,164.41557305771858,27156.870999999996,26623.7362,28022.196199999995,28350.884904004462,25962.857095995525,10.824752368542288,0.0038255386939205493,1
2023-10-14,26862.0,26989.58,26789.0,26862.0,24115.76499,2023-10-14 23:59:59.999,280059019.0534013,517837,4378.85219,117730324.8186729,0,0.0038255386939205,-0.0382759856489668,0.0128640341075157,46.56038082006032,118.13171500735552,27171.173,26637.3752,28020.881649999996,28343.670026641856,25998.675973358146,15.839595559779369,-0.00035440399076769324,1
2023-10-15,26852.48,27293.33,26808.25,26852.48,10417.25576,2023-10-15 23:59:59.999,412673965.3439348,682942,7802.69243,210833694.13443273,0,-0.0003544039907676,-0.0394964779424731,0.0127087358049004,46.43197286599226,79.76377248918288,27201.378000000004,26653.2246,28018.8387,28306.413551855236,26096.342448144773,15.37323522784052,0.011234344090378379,1
2023-10-16,27154.14,30000.0,27112.66,27154.15,15274.6917,2023-10-16 23:59:59.999,2210785548.236096,2289339,40738.04173,1148700588.6793344,0,0.0112343440903783,-0.0273273859523122,0.0128534400737334,51.03982197655176,72.85927310897023,27243.845,26675.96019999999,28012.86645,28270.280116108177,26217.409883891825,30.15127318330124,0.04959205130707445,2
2023-10-17,28500.77,28613.65,28069.32,28500.78,78399.22445,2023-10-17 23:59:59.999,1090741746.4830873,1345810,18994.06799,539218488.3415859,0,0.0495920513070744,0.0330067429935063,0.0156279384789181,65.36286753152694,174.04293572437018,27357.8005,26723.9404,28015.2277,28410.717589033615,26304.883410966388,56.68671670509106,-0.003679548419376566,1
2023-10-18,28395.91,28982.36,28142.87,28395.91,38428.44532,2023-10-18 23:59:59.999,914773525.152758,1215235,15590.14442,443515753.8170772,0,-0.0036795484193765,0.0367209052023138,0.0156544677711507,63.797614720291485,242.96879178231393,27458.9465,26769.4586,28014.88045,28502.630487484257,26415.262512515743,53.65696522156159,-0.00267327231280845,1
2023-10-19,28320.0,28916.89,28100.66,28320.0,32162.47591,2023-10-19 23:59:59.999,1023984017.0322788,1330256,18427.23743,525695852.56325006,0,-0.0026732723128084,0.0537470530802752,0.0156316704373217,62.62849819293617,288.14615716352637,27523.876999999997,26781.5318,28014.2168,28611.26095897863,26436.493041021364,51.46388392934528,0.013902189265536657,1
2023-10-20,28713.71,30207.55,28578.29,28713.71,35895.50179,2023-10-20 23:59:59.999,1753411192.5510907,1915748,29466.75927,869634841.3281221,0,0.0139021892655366,0.0730234311909394,0.0155480939835722,66.09853413559406,351.66487753725596,27614.2145,26809.806200000003,28016.926,28779.025049067553,26449.40395093245,62.838380511593755,0.0332708660775638,2
2023-10-21,29669.05,30379.99,29464.77,29669.04,59422.0992,2023-10-21 23:59:59.999,821964508.4353629,1152137,13836.12444,413323530.3421796,0,0.0332708660775638,0.1044985481349118,0.016530522177206,72.71810222175365,473.6313407641137,27749.538499999995,26884.3714,28026.271200000003,29178.89644150068,26320.180558499313,85.32226368193109,0.00811485642946308,1
2023-10-22,29909.8,30248.0,29640.0,29909.8,27517.51897,2023-10-22 23:59:59.999,683854827.8969324,1008299,11161.46844,334011129.2314961,0,0.008114856429463,0.1138561503444002,0.0159336072338213,74.09111777026018,582.9975288676142,27845.4,26966.4664,28034.992849999995,29556.49307282803,26134.30692717197,87.75970822605707,0.002763642685674972,1
2023-10-23,29992.46,34741.91,29883.6,29992.46,22852.54563,2023-10-23 23:59:59.999,2941620022.8651876,2839938,47839.23087,1505815243.5676997,0,0.0027636426856749,0.104525827543856,0.0159210683226397,74.56441970300095,668.6334024089047,27970.297499999997,27048.9254,28044.105099999997,29910.088863047866,26030.50613695213,89.91156708744101,0.10261012267749958,2
2023-10-24,33069.99,35280.0,32832.34,33069.99,93513.64246,2023-10-24 23:59:59.999,3933194868.1611967,2850160,57409.31981,1959449469.4657931,0,0.1026101226774995,0.1603187702231308,0.023978260857623,85.31819032136931,973.6082503126636,28252.474,27190.901,28069.28595,31182.74994215564,25322.19805784436,79.61880961813908,0.02578591647593509,2
2023-10-25,33922.73,35132.85,33679.05,33922.73,115265.02418,2023-10-25 23:59:59.999,1888210825.6063828,1643976,26150.50377,900236395.3726264,0,0.025785916475935,0.1946343681185074,0.0238966931491418,86.96293326005302,1269.478250803495,28559.682,27352.8352,28099.36795,32379.95079904859,24739.41320095141,84.47297553921942,0.0169007624091575,1
2023-10-26,34496.05,34824.13,33751.0,34496.05,54887.02529,2023-10-26 23:59:59.999,1363077907.10912,1382785,18528.43061,635547858.4928182,0,0.0169007624091575,0.2180808615819209,0.0239058161176801,87.9410549657983,1532.5531714068163,28913.964999999997,27526.914200000003,28132.1563,33483.02469611474,24344.90530388525,91.01489971346707,-0.009983461874620403,1
2023-10-27,34151.66,34245.0,33390.95,34151.66,39744.66255,2023-10-27 23:59:59.999,1096889423.419842,1112240,14310.32429,485405697.92440146,0,-0.0099834618746204,0.1893851404085367,0.0240608177053554,83.87043975150847,1693.7283009802811,29224.9935,27694.748399999997,28161.2958,34302.67335647887,24147.313643521135,86.87213496218736,-0.007602558704320916,1
2023-10-28,33892.01,34493.33,33860.0,33892.02,32330.40106,2023-10-28 23:59:59.999,575936523.347353,607438,8313.30759,283656619.58636194,0,-0.0076025587043209,0.1423362535491541,0.0242480700982262,80.83262818540524,1779.9913420879202,29521.76100000001,27847.4888,28182.5692,34949.93263498689,24093.58936501312,83.65351548698618,0.005575943835746777,1
2023-10-29,34081.01,34750.11,33930.0,34081.0,16880.13144,2023-10-29 23:59:59.999,711652985.1790963,717480,10053.96096,345933681.79684675,0,0.0055759438357467,0.1394593076516728,0.0240654898437164,81.36178590341001,1842.3668718208248,29829.9585,28010.8988,28201.9721,35550.74665164233,24109.17034835767,85.84708000118039,0.013053901000557477,1
2023-10-30,34525.88,34856.0,34062.84,34525.89,20685.52176,2023-10-30 23:59:59.999,1159771907.642105,1117727,15237.56781,525162190.5371194,0,0.0130539010005574,0.1511523229505016,0.023968329388904,82.58096666345864,1905.7307555509217,30176.747000000003,28183.3844,28225.1612,36147.7893922766,24205.704607723404,90.76676127111152,-0.0014817865665446295,1
2023-10-31,34474.74,34720.49,34025.0,34474.73,33657.95976,2023-10-31 23:59:59.999,1125442444.4884882,1179053,15843.795,544722903.4968481,0,-0.0014817865665446,0.0424777872627117,0.024010459343411,81.91737274903998,1929.5759549913016,30530.9775,28356.046799999996,28245.66565,36637.76911492148,24424.18588507852,88.83225992555492,0.004787274621149917,1
2023-11-01,34639.78,35582.0,34097.39,34639.77,32737.89822,2023-11-01 23:59:59.999,1856348820.4794536,1624635,25779.0029,895387891.4676665,0,0.0047872746211499,0.0211374497276601,0.0233507919635589,82.4084720957686,1939.4342057780268,30919.19,28545.5918,28266.529850000003,37034.25576433977,24804.12423566023,91.08232790200763,0.022565392322177802,2
2023-11-02,35421.43,35984.99,34300.0,35421.43,53473.28165,2023-11-02 23:59:59.999,1686141698.092171,1450837,23303.3535,818365718.954931,0,0.0225653923221778,0.0268256800416277,0.023010631193468,84.54881334806001,1987.4107361006352,31352.28,28737.2184,28292.161550000004,37454.52603196235,25250.03396803764,97.8537267387928,-0.013546601591183705,1
2023-11-03,34941.58,34946.5,34120.0,34941.59,48015.57732,2023-11-03 23:59:59.999,1347962831.5658624,1237373,19168.85669,661176167.7749345,0,-0.0135466015911837,0.0231300616134031,0.0232836219129754,78.25445083155937,1964.0727956285991,31756.259499999996,28911.6102,28315.34625,37683.20772387199,25829.311276128006,85.91275466807078,-0.006433880083877019,1
2023-11-04,34716.78,35255.0,34585.18,34716.78,39071.20644,2023-11-04 23:59:59.999,639958598.4198353,794787,9229.16649,321479754.9172934,0,-0.006433880083877,0.024334931939731,0.0234211473559086,75.42147344095598,1905.4719272174189,32149.4745,29075.4912,28341.7788,37757.840461028165,26541.108538971836,80.54958268279293,0.009945910882288134,1
2023-11-05,35062.06,35380.0,34448.0,35062.07,18377.55545,2023-11-05 23:59:59.999,859350974.0014893,1038468,11870.33193,415912075.9000027,0,0.0099459108822881,0.0287864205862504,0.02308556088418,76.81010159166647,1865.389287553764,32544.8705,29244.732600000003,28365.189099999996,37792.194189541115,27297.546810458884,85.45435059787332,-0.0014314614054447006,1
2023-11-06,35011.89,35276.33,34725.9,35011.88,24528.73376,2023-11-06 23:59:59.999,782427702.2653205,988246,10770.27727,377126281.15309054,0,-0.0014314614054447,0.0140761034690197,0.0230661463426091,76.13674931973758,1808.7237517767824,32870.4255,29413.776799999996,28396.263000000003,37876.097807582606,27864.75319241739,84.05101132692714,0.00097709691681791,1
2023-11-07,35046.09,35888.0,34523.06,35046.09,22346.47086,2023-11-07 23:59:59.999,1358031361.1978528,1352796,19375.26868,680382009.6599416,0,0.0009770969168179,0.0165732987611504,0.0230655179181902,76.28932610130273,1746.4444430993535,33202.9345,29584.1484,28430.2752,37845.880948317,28559.988051683005,70.21870489905315,0.010073306323187703,1
2023-11-08,35399.13,36106.0,35100.0,35399.12,38688.73692,2023-11-08 23:59:59.999,1185492160.4927278,1132568,17192.8245,610314635.3798897,0,0.0100733063231877,0.0219213349280322,0.023002361365785,77.86234412991632,1705.909549484848,33556.8905,29756.880599999997,28470.9566,37710.42497150971,29403.356028490296,77.41476615626608,0.006373039781779832,1
2023-11-09,35624.72,37972.24,35534.05,35624.72,33401.34137,2023-11-09 23:59:59.999,3033417922.7826815,2138765,42156.81236,1550254981.0451877,0,0.0063730397817798,0.0057391810550844,0.0226977677392003,78.82893922595972,1672.707458482204,33902.441,29925.1698,28509.99595,37499.402538704075,30305.479461295923,82.27362295353683,0.030214132209319677,2
2023-11-10,36701.1,37526.0,36324.71,36701.09,82537.88885,2023-11-10 23:59:59.999,1605069174.5241032,1297729,21388.56879,790671818.768367,0,0.0302141322093196,0.0503554646482886,0.0228149547766753,82.70828285752134,1713.4965044660858,34254.0435,30116.6916,28555.5484,37482.94199307336,31025.145006926647,72.25344826457174,0.016363001752808914,1
2023-11-11,37301.63,37408.26,36666.93,37301.63,43414.04898,2023-11-11 23:59:59.999,851924612.7339427,923300,10728.65792,397673179.6679197,0,0.0163630017528089,0.0744553498337114,0.0221769600326692,84.42325610553121,1773.8330333199483,34623.634999999995,30331.362600000004,28604.5019,37445.41818596952,31801.851814030462,83.69234285936616,-0.004601139414014854,1
2023-11-12,37129.99,37222.22,36731.1,37130.0,22984.97235,2023-11-12 23:59:59.999,655570813.1382711,810885,8506.46051,315285367.544748,0,-0.0046011394140148,0.0589791190309072,0.022183999605821,81.92257245625365,1787.1993390223215,34980.512,30542.3598,28648.64795,37082.851721030915,32878.17227896909,79.16402786573785,-0.0017740371667116506,1
2023-11-13,37064.13,37417.99,36333.0,37064.13,17687.18874,2023-11-13 23:59:59.999,1208037462.3041444,1217191,15442.44512,568916594.9113175,0,-0.0017740371667116,0.0586158184022109,0.0222716115919396,80.93175250005592,1772.0499849256375,35180.219,30752.1232,28691.89215,37277.4969240521,33082.94107594789,76.9937981982347,-0.016220534516795504,1
2023-11-14,36462.93,36744.0,34800.0,36462.93,32798.18252,2023-11-14 23:59:59.999,1639130785.08681,1404428,21205.18615,763841642.8808781,0,-0.0162205345167955,0.0404279050815654,0.0227345495466299,72.33285516115,1692.0275566740893,35307.229,30956.4142,28726.84295000001,37392.142023412795,33222.315976587204,61.7629026864341,-0.025004573137704433,0
2023-11-15,35551.2,37980.0,35360.0,35551.19,45503.68416,2023-11-15 23:59:59.999,1963249656.5094736,1545427,28142.1424,1031669501.9934208,0,-0.0250045731377044,0.0042958695018406,0.0236383737220625,61.63728292088806,1537.3181606744547,35359.986,31141.3418,28758.0404,37413.28340439525,33306.68859560474,37.518871698259375,0.06489262384747163,2
2023-11-16,37858.2,37929.54,35500.0,37858.2,53569.13385,2023-11-16 23:59:59.999,1744503339.0151725,1542446,22214.04928,815932555.1331267,0,0.0648926238474716,0.0626946681966902,0.0246802100232051,72.655323342582,1582.622785909225,35545.313,31374.0724,28801.17915,37789.160173201475,33301.46582679853,96.84455958549216,-0.044764146208747246,0
2023-11-17,36163.51,36800.0,35861.1,36163.51,47490.39566,2023-11-17 23:59:59.999,1391225051.1923273,1349322,18403.36411,668865883.1417465,0,-0.0447641462087472,-0.0146475213678938,0.0265244410695493,59.2038356181957,1464.8933294873568,35658.8875,31569.882800000003,28835.83065,37783.272452374506,33534.50254762549,52.94067357512959,0.012454819789339933,1
2023-11-18,36613.91,36845.49,36178.58,36613.92,38283.61112,2023-11-18 23:59:59.999,624434069.5256634,784498,8101.54756,295795105.4300323,0,0.0124548197893399,-0.0184364597472014,0.0264499336506124,61.25688706790787,1391.89135275242,35785.5335,31761.733399999997,28878.55895,37818.59183937229,33752.475160627706,61.322763306908215,-0.0012514366120863762,1
2023-11-19,36568.11,37500.0,36384.02,36568.1,17102.24186,2023-11-19 23:59:59.999,781531839.4371592,862400,10575.25293,389089868.806342,0,-0.0012514366120863,-0.0151333153784002,0.0264962812500127,60.9210107802596,1315.1789054215988,35887.64399999999,31954.9562,28918.050150000003,37861.66570971248,33913.62229028751,60.025481313703246,0.021651658139197894,2
2023-11-20,37359.85,37750.0,36677.0,37359.86,21246.34648,2023-11-20 23:59:59.999,1343722642.386475,1485050,17591.22652,656245983.7397183,0,0.0216516581391978,0.007978873374338,0.0262038208742039,64.53923651986062,1303.2491087331073,36031.9005,32162.902199999997,28959.71865,37993.46639364191,34070.3346063581,82.06101349748624,0.0023800945720888755,1
2023-11-21,37448.79,37649.44,35735.0,37448.78,36022.70291,2023-11-21 23:59:59.999,1756747495.981855,1936895,22371.42068,824920009.55786,0,0.0023800945720888,0.0270370483118058,0.0262241174946192,64.93193097542414,1286.143893564251,36172.350999999995,32352.026399999995,29002.77175,38117.277584988784,34227.424415011206,84.63323054493277,-0.04558573069670091,0
2023-11-22,35741.65,37861.1,35632.01,35741.65,47646.54804,2023-11-22 23:59:59.999,1657141022.427348,1648374,23046.71174,847145468.3259536,0,-0.0455857306967009,0.0053573452815502,0.0279742975754851,52.83488620769654,1121.9041506990325,36188.362,32516.969200000003,29033.95195,38113.469325097525,34263.25467490248,29.61163522012583,0.046631590875071405,2
2023-11-23,37408.35,37653.44,36870.0,37408.34,45051.30697,2023-11-23 23:59:59.999,888826648.8541473,992284,11086.35132,413539343.94482046,0,0.0466315908750714,-0.0118827625190843,0.0226921480993101,60.5603853871595,1113.3963846285696,36311.6995,32716.6068,29076.75265,38217.47252888332,34405.92647111668,82.02327044025147,-0.003049052697874255,1
2023-11-24,37294.27,38414.0,37251.51,37294.28,23827.92882,2023-11-24 23:59:59.999,1688715728.079148,1379414,22349.17236,844803081.6321824,0,-0.0030490526978742,0.031268259082152,0.0223618069741917,59.838037796061926,1084.9436746345818,36440.5745,32906.921,29121.07355,38243.315474355186,34637.83352564482,78.43647798742134,0.011242742854936427,1
2023-11-25,37713.57,37888.0,37591.1,37713.57,44680.80646,2023-11-25 23:59:59.999,430165251.7609749,569448,5153.91116,194536221.28509408,0,0.0112427428549364,0.0300336593295664,0.0222677084859635,61.64896307120324,1083.7352702274948,36573.1495,33112.984599999996,29171.29745,38340.52582535322,34805.773174646776,80.61898173768677,0.001779200431038408,1
2023-11-26,37780.67,37814.63,37150.0,37780.67,11396.14464,2023-11-26 23:59:59.999,797321193.5893991,848020,10204.51641,382571274.04607826,0,0.0017792004310384,0.0331592289454469,0.0221304306351132,61.94469182235374,1075.7909617008336,36711.58899999999,33309.976200000005,29222.059449999997,38400.09892180561,35023.07907819437,82.47565024903149,-0.008820383545342092,1
2023-11-27,37447.42,37569.23,36707.0,37447.43,21264.53723,2023-11-27 23:59:59.999,1112557435.2767923,1238017,14458.63822,536129095.56684417,0,-0.008820383545342,0.002343959533039,0.0221528074430311,59.49117915548867,1030.7238144312214,36831.656,33499.791399999995,29271.30285,38363.620891809216,35299.69110819079,73.25484228002213,-0.005467130855174918,1
2023-11-28,37242.7,38377.0,36868.41,37242.7,30001.07376,2023-11-28 23:59:59.999,1414360251.6823456,1272779,18168.56198,684514270.9388716,0,-0.0054671308551749,-0.0055029830077242,0.0222099422727434,57.9719913332998,967.3369176880078,36923.835,33686.3044,29322.673249999996,38315.34070006019,35532.32929993981,67.58992805755388,0.0154706828452289,1
2023-11-29,37818.88,38450.0,37570.0,37818.87,37544.46667,2023-11-29 23:59:59.999,1252586505.66259,1131353,15588.96473,591917955.4743968,0,0.0154706828452289,0.0581176302716859,0.0222512669642922,60.99108510248346,952.6133157645454,37033.5425,33890.8794,29377.79255,38341.526729520745,35725.55827047925,80.51309757694835,0.0009458241348827556,1
2023-11-30,37854.65,38145.85,37500.0,37854.64,32994.19107,2023-11-30 23:59:59.999,934491058.960814,1007791,11484.45424,433772722.50456333,0,0.0009458241348827,0.0119304946437077,0.0222377665964169,61.17754001130444,933.0751853029724,37091.22,34100.1698,29433.18935,38436.675780246966,35745.76421975304,79.81830508474575,-0.0034521527611939273,1
2023-12-01,37723.97,38999.0,37615.86,37723.96,24740.29147,2023-12-01 23:59:59.999,1669750777.6239817,1523417,22408.27301,861977420.1631953,0,-0.0034521527611939,0.0115213378566365,0.0222703870674809,60.04830183783319,896.7095824022763,37112.3365,34317.138600000006,29487.22105,38483.35259699192,35741.320403008074,74.23553667685118,0.025409845625962824,2
2023-12-02,38682.51,39717.14,38641.61,38682.52,43415.66324,2023-12-02 23:59:59.999,1043421976.7660652,1034690,13166.65386,514763687.5746009,0,0.0254098456259628,0.0256923436312179,0.0223620489271746,65.13236453653133,934.4654253444388,37189.9625,34555.5964,29544.82295,38722.481602522035,35657.44339747797,90.60050668401144,0.019849534104810163,1
2023-12-03,39450.35,40250.0,39274.86,39450.35,26696.92161,2023-12-03 23:59:59.999,1059860641.0494444,1151524,13333.29632,529259227.1675092,0,0.0198495341048101,0.0441940283218904,0.0223318898327263,68.5813662291134,1014.6484313493274,37309.2735,34807.3634,29606.905500000004,39128.71789517422,35489.829104825774,93.46924088095112,0.013229540422328379,1
2023-12-04,39972.26,42420.0,39972.26,39972.26,26710.65335,2023-12-04 23:59:59.999,3285736844.1408806,2112219,38595.61905,1599710862.0871768,0,0.0132295404223283,0.067423318502765,0.0222947193997994,70.70272153533287,1107.5407758676956,37484.74,35069.759,29669.73875,39597.14713227347,35372.33286772652,93.98569507513012,0.05050602592898157,2
2023-12-05,41991.1,44488.0,41414.0,41991.1,79272.33059,2023-12-05 23:59:59.999,2890205389.4901266,2072700,34815.80813,1491813847.238968,0,0.0505060259289815,0.1274988118476909,0.0237880267125721,77.134115229316,1328.7451964918582,37806.735499999995,35366.498,29745.587849999996,40519.90199946491,35093.56900053508,93.68148745062967,0.04958717442505667,2
2023-12-06,44073.82,44297.21,43335.28,44073.32,67490.74644,2023-12-06 23:59:59.999,2256979505.594805,1876282,25092.62492,1101273363.0864296,0,0.0495871744250566,0.1653790819239178,0.0250085493426748,81.61655209445634,1653.014127790084,38117.4915,35677.9488,29831.55315,41968.26828239737,34266.71471760263,95.31751955456136,-0.007048028149456376,1
2023-12-07,43762.69,44047.33,42821.1,43762.69,51431.10492,2023-12-07 23:59:59.999,2046945851.8836448,1414759,22635.67672,983629776.4938614,0,-0.0070480281494563,0.156072016534829,0.0251289063947067,79.12460291772526,1863.4536138181504,38497.45049999999,35985.2844,29914.85445,42954.02440172523,34040.87659827475,90.67844750032133,-0.011186469570312108,1
2023-12-08,43273.15,44700.0,43081.1,43273.14,47103.26845,2023-12-08 23:59:59.999,1875581755.4469104,1311268,20818.67861,910357262.894073,0,-0.0111864695703121,0.1470996152047663,0.0253593736112437,75.22635634993755,1968.0394947367968,38830.4115,36284.3472,29997.48125,43654.25886933606,34006.564130663945,84.3868397378229,0.02074843655902936,2
2023-12-09,44171.0,44358.02,43584.51,44170.99,42900.37556,2023-12-09 23:59:59.999,1096487106.564834,987352,11598.00774,510255993.8680859,0,0.0207484365590293,0.1418850167982852,0.025482143775004,77.42325722585923,2099.175561043586,39210.556,36593.4928,30084.089850000004,44442.40167408627,33978.71032591372,93.38158388590011,-0.010354986383596998,1
2023-12-10,43713.59,44049.0,43563.0,43713.6,24925.97008,2023-12-10 23:59:59.999,830485162.5569534,830667,8841.90643,387376075.3824843,0,-0.0103549863835969,0.1080662148751532,0.0253113128321925,73.83131974513441,2141.5083131523934,39528.243,36874.384,30166.5598,45036.32569308688,34020.16030691312,87.65920180157636,0.0017365305076681992,1
2023-12-11,43789.5,43804.5,40222.0,43789.51,18956.61758,2023-12-11 23:59:59.999,3205540835.511434,2087142,36499.24269,1525642878.1521034,0,0.0017365305076681,0.0954974775006467,0.025248637910282,74.04652351764295,2156.3258447116896,39845.2795,37151.978200000005,30253.8623,45564.0007206872,34126.558279312805,88.60890779432006,-0.05791592552645597,0
2023-12-12,41253.41,42104.12,40680.0,41253.4,76663.89804,2023-12-12 23:59:59.999,1773961284.3375635,1526411,21394.91158,888438328.8915346,0,-0.0579159255264559,-0.0175680084589352,0.027748663506066,57.13976685555867,1941.0507387286632,40120.867,37377.197,30327.76035,45545.67890209974,34696.05509790026,55.99105673305165,0.005793219467971067,1
2023-12-13,41492.38,43475.2,40555.0,41492.39,42722.69773,2023-12-13 23:59:59.999,1919703389.4848804,1724659,22354.97386,935785466.0225856,0,0.005793219467971,-0.0585599178822925,0.0277298128469796,58.11040666444988,1769.3323994117236,40325.0695,37545.645,30401.6927,45632.27630319675,35017.86269680325,55.449861111111105,0.033178132182793085,2
2023-12-14,42869.03,43420.0,41400.0,42869.03,45865.99773,2023-12-14 23:59:59.999,1798740625.30166,1599536,20579.79343,880356342.3815118,0,0.033178132182793,-0.0204205911473907,0.0279449521403521,63.27035797980844,1724.449342688633,40603.807,37724.571,30481.7665,45829.97918265173,35377.63481734827,74.5698611111111,0.0035743752541170792,1
2023-12-15,43022.26,43080.81,41666.0,43022.26,42047.05709,2023-12-15 23:59:59.999,1416898938.5099788,1323628,16321.13654,691713304.7485888,0,0.003574375254117,-0.005797591762465,0.027339678275755,63.804797506852225,1681.8561860800764,40869.2415,37895.0952,30556.5528,46019.98346470467,35718.49953529533,76.31695590431586,-0.02514884155318664,0
2023-12-16,41940.29,42724.43,41605.0,41940.3,33421.7932,2023-12-16 23:59:59.999,1020469627.8857332,1180886,12193.50511,515909440.9100929,0,-0.0251488415531866,-0.0505012452743304,0.0256239405200221,57.44838878013619,1543.008827642254,41077.223,38050.867999999995,30627.5723,46044.98869994627,36109.45730005373,54.44829401870798,0.008052636724105389,1
2023-12-17,42278.02,42424.07,41252.0,42278.03,24118.85747,2023-12-17 23:59:59.999,1161963642.9627964,1227634,13245.86404,555309260.127941,0,0.0080526367241053,-0.0328403517440796,0.0239354207548352,58.8272220954416,1443.5825630241015,41318.753,38218.5882,30700.49045,46019.6738812362,36617.83211876379,55.356543794261505,-0.02136759919986808,0
2023-12-18,41374.64,42757.81,40542.93,41374.65,27722.11452,2023-12-18 23:59:59.999,1936003306.0825727,1741647,23255.79871,963775419.5731498,0,-0.021367599199868,-0.055146997534341,0.0243887072438593,53.80491543673085,1277.168907690524,41525.3505,38364.4612,30771.311950000003,45838.78420260603,37211.91679739397,29.663010233219257,0.03101295116695857,2
2023-12-19,42657.8,43497.0,41811.1,42657.8,46734.0925,2023-12-19 23:59:59.999,1747830242.4615936,1609188,20163.65946,861082883.3110158,0,0.0310129511669585,0.0340432546165891,0.0248394616776338,59.14079956451607,1234.5927514298455,41767.297000000006,38527.0994,30850.5113,45752.32481746408,37782.26918253593,54.394819115676704,-0.00895053190741213,1
2023-12-20,42275.99,44283.0,42206.0,42275.99,40927.86444,2023-12-20 23:59:59.999,2115813869.7796192,1934588,23912.13682,1038694005.77614,0,-0.0089505319074121,0.0188853907909378,0.0247792982916235,57.029898981736714,1156.7081532036243,41988.3645,38683.1246,30925.6783,45548.55271152162,38428.17628847839,45.868468066100895,0.03294872574243679,2
2023-12-21,43668.92,44242.35,43286.72,43668.93,48710.2947,2023-12-21 23:59:59.999,1514529919.1877797,1500702,17058.89545,746266380.7692404,0,0.0329487257424367,0.0186591579049024,0.0253149837939746,62.314632972337854,1193.6233180895942,42285.613,38863.7078,31008.67685,45326.886475122286,39244.33952487771,76.97476552032157,0.004416641305385882,1
2023-12-22,43861.79,44398.26,43412.54,43861.8,34624.29384,2023-12-22 23:59:59.999,1436074497.5128598,1404109,16049.22275,703199211.0393196,0,0.0044166413053858,0.0195140841043683,0.0234139535576166,62.99329588837073,1224.3285519109122,42544.577000000005,39032.515199999994,31092.4098,45167.84065349775,39921.31334650226,81.28182224207242,0.0024449520995490914,1
2023-12-23,43969.04,43988.68,43291.1,43969.04,32783.19638,2023-12-23 23:59:59.999,722943825.3332176,849658,7765.30564,339046509.1677196,0,0.002444952099549,0.0483720908052636,0.0222005461569335,63.38809890119366,1242.9876547405947,42770.51150000001,39213.0642,31183.614,45043.90047348635,40497.12252651367,89.72238318495495,-0.006069725424980743,1
2023-12-24,43702.15,43946.0,42500.0,43702.16,16557.1293,2023-12-24 23:59:59.999,1093460634.889423,1137678,11841.26614,514962029.1783347,0,-0.0060697254249807,0.0336848713149597,0.022248107468086,61.6260881329551,1222.1519358209334,42957.0065,39392.7718,31265.9744,44864.02705015914,41049.98594984087,83.33197645740451,-0.016261438793872096,1
2023-12-25,42991.5,43802.32,42720.43,42991.5,25144.33496,2023-12-25 23:59:59.999,1172053386.5109816,1168428,13691.2393,593900885.8031462,0,-0.016261438793872,0.0390782761908559,0.0225693075288946,57.07633885292506,1135.209171016977,43007.0265,39551.3604,31349.2352,44861.84785638159,41152.20514361841,66.31531561732264,0.013598734633590404,1
2023-12-26,43576.12,43592.68,41637.6,43576.13,27021.23992,2023-12-26 23:59:59.999,1746333612.3049452,1475816,21096.16634,898267435.237983,0,0.0135987346335904,0.0215278331278216,0.0226210871806545,59.71150394623952,1100.7919145920314,42982.167,39722.6454,31434.622799999997,44791.93761481345,41172.39638518656,78.67549600163917,-0.024490472192000512,0
2023-12-27,42508.93,43677.0,42098.69,42508.93,41010.04282,2023-12-27 23:59:59.999,1554082990.052276,1439770,18982.83267,815239612.617364,0,-0.0244904721920005,0.0055099833262333,0.023126843037058,53.2811607622139,976.1494269133182,42919.47900000001,39871.9022,31514.7784,44703.43470510993,41135.52329489008,50.99433770909362,0.021640629392459365,2
2023-12-28,43428.86,43787.57,42241.79,43428.85,36191.21136,2023-12-28 23:59:59.999,1508408742.378081,1391826,17422.8191,747631903.0553988,0,0.0216406293924593,-0.0054977303084825,0.0232534881583291,57.52712852936529,940.7547778554872,42927.264500000005,40032.4968,31602.7166,44718.66954752478,41135.859452475226,74.85533015332012,-0.01991970775187457,1
2023-12-29,42563.76,43111.0,41300.0,42563.76,35150.52485,2023-12-29 23:59:59.999,1803086285.2465775,1571137,21195.34128,897324724.7968955,0,-0.0199197077518745,-0.0295938607170704,0.023619612391283,52.67855059712397,833.2930467947299,42846.903000000006,40171.2776,31685.90765,44549.94634707085,41143.85965292916,52.416524655476984,-0.011672136108276221,1
2023-12-30,42066.94,42612.32,41520.3,42066.95,42597.18912,2023-12-30 23:59:59.999,964875790.984935,936545,11727.69648,494133887.90718114,0,-0.0116721361082762,-0.0432597573201508,0.0237915892821324,50.068665312183434,699.9715988491807,42764.570499999994,40278.5948,31766.71645,44451.18683997103,41077.95416002896,39.53020882777859,0.0017431736790995966,1
2023-12-31,42140.29,42899.0,41965.84,42140.28,22906.57818,2023-12-31 23:59:59.999,1001519241.5559052,1016484,11997.14865,509478742.7445108,0,0.0017431736790995,-0.0357391945844325,0.0237558900661452,50.45881390161154,593.3902752582362,42682.109,40375.3678,31847.7466,44320.804399479195,41043.4136005208,41.432250935717505,0.0034005469351414686,1
2024-01-01,42283.58,44184.1,42180.77,42283.58,23585.91603,2024-01-01 23:59:59.999,1169995682.0280013,1114623,14331.7318,617352094.5605193,0,0.0034005469351414,-0.0164665108219066,0.023408233127918,51.26028713170471,514.5554459461491,42733.618,40478.4394,31933.5215,44249.61044568774,41217.62555431227,45.149183079010115,0.04483939155577654,2
2024-01-02,44179.55,45879.63,44148.34,44179.55,27174.29903,2024-01-02 23:59:59.999,2944331821.823076,2247532,33817.14447,1527964124.2375848,0,0.0448393915557765,0.0138474894397462,0.0244416537539984,60.39068848778729,598.1718566452691,42867.976,40620.747800000005,32026.4268,44396.38670620899,41339.56529379101,92.94087649196648,0.017369122139089255,1
2024-01-03,44946.91,45500.0,40750.0,44946.91,65146.40661,2024-01-03 23:59:59.999,3507104563.744232,2658041,39103.99162,1687665202.9513144,0,0.0173691221390892,0.0573521845880384,0.0245067523196172,63.380677464186554,718.0804193679942,42971.87,40790.4274,32119.436349999996,44748.737053833305,41195.0029461667,79.63328915218054,-0.04675916542427505,0
2024-01-04,42845.23,44729.58,42613.77,42845.23,81194.55173,2024-01-04 23:59:59.999,2095095359.4936347,1819944,23605.90059,1030075267.839013,0,-0.046759165424275,-0.0134385322199412,0.0246040486324309,51.83873714512104,636.1872372348807,42963.0185,40936.3082,32201.07755,44740.55692104446,41185.48007895554,40.84563604002636,0.030478772082679795,2
2024-01-05,44151.1,44357.46,42450.0,44151.1,48038.06334,2024-01-05 23:59:59.999,2100953924.3687155,2064845,24015.06426,1049655019.1400094,0,0.0304787720826797,0.0372932278539301,0.0235256137944187,57.06993912245429,668.947881008251,43073.5585,41062.1662,32290.133199999997,44857.90246234841,41289.21453765159,66.30302770375252,-0.00013567045894657959,1
2024-01-06,44145.12,44214.42,43397.05,44145.11,48075.25327,2024-01-06 23:59:59.999,781212883.4916061,956642,9048.57073,396341787.3638776,0,-0.0001356704589465,0.049401252051789,0.0234846985031846,57.03933431640506,686.5138796226238,43166.9125,41221.7982,32376.637,44970.26906576097,41363.555934239026,66.1862551490069,-0.00400474707164622,1
2024-01-07,43968.32,44480.59,43572.09,43968.32,17835.06144,2024-01-07 23:59:59.999,1014635096.1241482,1109259,11613.52347,511871007.52582633,0,-0.0040047470716462,0.0433798731285126,0.0233972925400185,56.08339121051494,678.3499881709504,43296.596000000005,41368.8862,32454.938650000004,44930.8644862085,41662.32751379151,62.73980774441824,-0.0008938253724500855,1
2024-01-08,43929.01,47248.99,43175.0,43929.02,23023.8508,2024-01-08 23:59:59.999,3298772150.681507,2364464,38728.8053,1755312207.668183,0,-0.00089382537245,0.0389143965577181,0.0230925983962487,55.85927543218928,661.0882499889121,43360.157,41516.1046,32524.614299999997,44988.976646051146,41731.33735394885,61.97367061561941,0.06879324874536241,2
2024-01-09,46951.04,47972.0,44748.67,46951.04,72814.57589,2024-01-09 23:59:59.999,3251442072.8083963,2637745,34825.45429,1620151226.3362696,0,0.0687932487453624,0.062732418053149,0.0261752680707047,66.8345145773371,881.1031474247648,43593.909499999994,41707.9282,32609.9449,45779.84111866906,41407.97788133093,95.41544147629098,-0.01791312822889546,1
2024-01-10,46110.0,47695.93,44300.36,46110.0,69927.66617,2024-01-10 23:59:59.999,4123809481.712767,3133588,46910.79439,2153126701.352164,0,-0.0179131282288954,0.0258769735227626,0.0264450396128373,62.19935772625087,976.3469200890468,43715.963,41881.1526,32687.052399999997,46162.12846451832,41269.79753548169,74.21766823594572,0.011797657774886172,1
2024-01-11,46654.0,48969.48,45606.06,46653.99,89911.41203,2024-01-11 23:59:59.999,4105139605.028302,2998451,44076.1683,2070467939.6599925,0,0.0117976577748861,0.0888957767294047,0.0239371709562197,63.94129575939694,1083.2368625457966,43855.572499999995,42099.399399999995,32767.6852,46617.439454484425,41093.70554551557,81.75006923289943,-0.006748190240534524,1
2024-01-12,46339.16,46515.53,41500.0,46339.16,87470.3296,2024-01-12 23:59:59.999,3827483735.576057,2809192,41707.58066,1850840878.9778297,0,-0.0067481902405345,0.0495584481473849,0.0240210634420434,62.1560947686711,1129.5233204529868,43974.0785,42278.0158,32847.0677,46941.02992957363,41007.12707042636,67.99894883861268,-0.07674783056058854,0
2024-01-13,42782.74,43257.0,42436.12,42782.73,86327.93707,2024-01-13 23:59:59.999,1547370611.5531662,1434243,17748.09824,760432218.245455,0,-0.0767478305605885,-0.0308614023161342,0.0275378921326287,46.397347832452176,869.2117610303831,43928.107,42387.7848,32909.64139999999,46938.65870787052,40917.55529212949,24.730639894494573,0.0015253818538460973,1
2024-01-14,42847.99,43079.0,41720.0,42847.99,36118.47464,2024-01-14 23:59:59.999,1202212782.257693,1235727,13690.30843,583261659.738576,0,0.001525381853846,-0.0254803913363076,0.0275320337384617,46.664569245356496,660.5643368556339,43920.9315,42490.4732,32970.41915,46941.047333343,40900.815666657,25.52460739608828,-0.0260371606696137,0
2024-01-15,41732.35,43400.43,41718.05,41732.35,28228.40894,2024-01-15 23:59:59.999,1718982911.1081028,1657611,19924.7603,849997411.0875828,0,-0.0260371606696137,-0.0500049853149466,0.0275607355078304,42.74174444876165,400.5694109425822,43828.74250000001,42569.5068,33028.693849999996,46994.38691804085,40663.09808195917,11.95148598208157,0.018660583456239666,1
2024-01-16,42511.1,43578.01,42050.0,42511.1,40269.89303,2024-01-16 23:59:59.999,1931947150.0590703,1716580,24064.55667,1031525441.9352084,0,0.0186605834562396,-0.0945653174029798,0.0277324308316057,46.14501315830775,254.4272962136456,43828.851,42670.78020000001,33089.012800000004,46994.31461200285,40663.38738799716,21.4259296208519,0.014745560571238991,1
2024-01-17,43137.94,43198.0,42200.69,43137.95,45045.74589,2024-01-17 23:59:59.999,1419888430.9228892,1438172,16648.20529,710532768.047578,0,0.0147455605712389,-0.0644556495337237,0.0275310014020615,48.783866018291114,187.0341602156041,43814.306,42788.68519999999,33152.34255,46989.64571870319,40638.9662812968,29.05232447794746,-0.008388205744593757,1
2024-01-18,42776.09,42930.0,40683.28,42776.1,33266.21388,2024-01-18 23:59:59.999,1839426541.2635791,1466087,21085.14336,883292634.2063637,0,-0.0083882057445937,-0.0831202218716984,0.0270225066381001,47.34180481918823,103.2362997018572,43824.922999999995,42887.82979999999,33213.29355,46984.84906345182,40664.996936548174,17.084187922050774,-0.0338647048234878,0
2024-01-19,41327.51,42196.86,40280.0,41327.5,43907.51641,2024-01-19 23:59:59.999,1993846466.538752,1641428,24347.5002,1004478721.3792056,0,-0.0338647048234878,-0.1081517230782777,0.0276957304087149,41.99046261332423,-79.15161152346263,43787.9505,42957.287,33266.8459,47045.09578044069,40530.805219559305,7.774613212328942,0.008022019236585853,1
2024-01-20,41659.03,41872.56,41456.3,41659.03,48342.74559,2024-01-20 23:59:59.999,662768008.1509343,807324,7557.36632,314535141.9955636,0,0.0080220192365858,-0.0262652710568026,0.0270270990908571,43.5627882620995,-194.6992728934565,43763.888,43035.98840000001,33319.360049999996,47076.01363862274,40451.76236137726,15.870109603796756,0.0008884028264701804,1
2024-01-21,41696.05,41881.39,41500.98,41696.04,15923.99493,2024-01-21 23:59:59.999,489151571.0309043,657817,5576.56045,232552207.16073287,0,0.0008884028264701,-0.026884574982397,0.0270094218681779,43.74609427567104,-280.0569076090542,43734.511,43096.2588,33374.0077,47108.479127999155,40360.54287200084,16.296026919907753,-0.00277508367701107,1
2024-01-22,41580.32,41689.65,39431.58,41580.33,11730.16301,2024-01-22 23:59:59.999,2247452153.7954326,2147250,26788.13985,1086650848.0670524,0,-0.002775083677011,-0.0036427375884654,0.0270010643280252,43.272873944909975,-352.97144298328203,43604.55,43138.8584,33429.3853,47098.056647556026,40111.04335244398,14.9644167430042,-0.048395719803089654,0
2024-01-23,39568.02,40176.74,38555.0,39568.02,55426.19911,2024-01-23 23:59:59.999,2275851990.6468267,2043925,30913.97177,1214417243.6964118,0,-0.0483957198030896,-0.069230859704877,0.0283212935682832,35.982858528625925,-566.60190297183,43335.6055,43130.77359999999,33477.74825,47184.44856441003,39486.76243558997,1.4305035699681798,0.008329453937801379,1
2024-01-24,39897.59,40555.0,39484.19,39897.6,57956.63351,2024-01-24 23:59:59.999,1569704923.8307493,1675615,20673.05725,825887009.4744226,0,0.0083294539378013,-0.0751159941536396,0.028277574961907,37.8301820093437,-701.2279111910975,43188.224,43088.903600000005,33525.51275,47316.491244946024,39059.95675505398,12.891666218572585,0.004694016682707636,1
2024-01-25,40084.89,40300.24,39550.0,40084.88,39293.82861,2024-01-25 23:59:59.999,1238813296.1526136,1291233,15685.24919,626369240.3733964,0,0.0046940166827076,-0.0629141039038154,0.028153601467711,38.90897793665348,-783.7732120900546,42984.913,43009.13479999999,33574.514,47299.76777774192,38670.058222258085,14.68993171046463,-0.003088196846292135,1
2024-01-26,39961.09,42246.82,39822.52,39961.09,31022.11853,2024-01-26 23:59:59.999,1951700659.289807,1624861,24674.75551,1016105199.7171212,0,-0.0030881968462921,-0.0330629725969391,0.0278438311632384,38.43423686021913,-849.3885536822272,42775.712,42933.1028,33623.5159,47248.116410460025,38303.307589539974,17.663271164105865,0.04660583582680067,2
2024-01-27,41823.51,42200.0,41394.34,41823.51,47384.96726,2024-01-27 23:59:59.999,678418702.3509445,751148,7485.64978,312938659.24802434,0,0.0466058358268006,0.0039482436340934,0.028917247985498,48.596226265179006,-742.5478263976693,42668.4715,42904.1102,33680.575600000004,47124.17279976969,38212.77020023031,65.07074443411423,0.007104138318376307,1
2024-01-28,42120.63,42842.68,41620.81,42120.63,16224.41667,2024-01-28 23:59:59.999,1154365891.668259,1032493,12971.1882,548670338.639401,0,0.0071041383183763,0.0101829814054283,0.028722928359145,50.01374565538716,-626.676740047682,42578.052,42863.103,33738.06825,47001.03751732902,38155.06648267097,70.98592278335094,-0.0021265114030820653,1
2024-01-29,42031.05,43333.0,41804.88,42031.06,27294.99838,2024-01-29 23:59:59.999,1343462280.3618684,1197856,15996.88627,681504721.3585126,0,-0.002126511403082,0.0108399813084696,0.0286413231859382,49.56996538355765,-535.8981198014299,42332.053,42829.4522,33796.32355,46276.159247869386,38387.946752130614,69.20272904095346,0.03025476873531141,2
2024-01-30,43302.71,43882.36,42683.99,43302.7,31542.74207,2024-01-30 23:59:59.999,1633251085.6713595,1316610,19317.29993,838876408.4556684,0,0.0302547687353114,0.0943863251181131,0.0291568391183582,55.59423324091003,-357.2268005794176,42191.688,42819.71600000001,33855.5659,45770.936409141555,38612.43959085845,94.5190234540643,-0.008350518558888909,1
2024-01-31,42941.1,43745.11,42276.84,42941.1,37619.24546,2024-01-31 23:59:59.999,1711665577.0530825,1499559,20289.94825,871009715.1702206,0,-0.0083505185588889,0.0762827839268527,0.0292068297322654,53.63227329062866,-242.01677212252253,42006.0435,42853.47,33918.711350000005,44973.03852765498,39039.04847234502,82.33158637674192,-0.008409193057467013,1
2024-02-01,42580.0,43285.13,41884.28,42580.0,39871.13688,2024-02-01 23:59:59.999,1497121440.644002,1392269,18134.84304,770635549.4842126,0,-0.008409193057467,0.062245914170131,0.0280410587142517,51.671204933740015,-177.80017692554975,41818.0855,42875.2222,33980.16375,44047.98508234387,39588.185917656134,75.55336977414704,0.011811648661343321,1
2024-02-02,43082.95,43488.0,42546.79,43082.94,35231.04664,2024-02-02 23:59:59.999,1277919437.2905612,1086342,15645.5711,673834785.747791,0,0.0118116486613433,0.0781222434122794,0.0279347319565456,54.18399999078234,-85.34124704842543,41833.096000000005,42879.5004,34044.4185,44092.61242301055,39573.57957698946,84.99406835655938,0.0027170847671955656,1
2024-02-03,43199.99,43380.01,42880.0,43200.0,29672.14418,2024-02-03 23:59:59.999,518775350.03360087,609962,5691.78572,245377398.51059568,0,0.0027170847671955,0.0329118718156367,0.0265690399430572,54.773415981377546,-2.591245041578077,41850.696500000005,42883.0552,34109.7285,44146.74935179792,39554.64364820209,87.19140437289764,-0.004372916666666726,1
2024-02-04,43011.1,43119.04,42222.0,43011.09,12033.40998,2024-02-04 23:59:59.999,730999557.7083682,931235,8427.12671,360928641.05977213,0,-0.0043729166666667,0.0211407094338331,0.0259736478696486,53.57556548011293,47.201163881632965,41914.6335,42904.471,34175.4883,44264.52889650797,39564.738103492025,83.64537031475245,-0.00995580442160382,1
2024-02-05,42582.88,43569.76,42258.1,42582.88,17066.89404,2024-02-05 23:59:59.999,1262620640.5407171,1317397,14984.06962,642077579.5827268,0,-0.0099558044216038,0.013128862322292,0.0260301508655296,50.8603833785202,51.51520319319389,41918.2225,42910.568,34238.85665,44271.96697862833,39564.478021371666,75.60743032196055,0.0029547085589325395,1
2024-02-06,42708.7,43399.98,42574.0,42708.7,29467.75905,2024-02-06 23:59:59.999,1061049582.6002768,1120760,12810.98205,550866463.7409194,0,0.0029547085589325,-0.0137173894468474,0.0260322686591433,51.63597339290902,64.34500375702919,41896.759999999995,42937.249,34303.400149999994,44213.15686060017,39580.36313939982,77.96920050456505,0.009137482526979213,1
2024-02-07,43098.96,44396.5,42788.0,43098.95,24675.85433,2024-02-07 23:59:59.999,1496013692.382922,1378809,17755.87738,772721372.4443885,0,0.0091374825269792,0.0036759654503493,0.026093232536859,54.058049517833595,104.79461954058206,41912.9025,42946.07199999999,34369.3863,44257.9092135668,39567.8957864332,82.18781902473066,0.029018108329785353,2
2024-02-08,44349.6,45614.3,44331.1,44349.6,34392.59915,2024-02-08 23:59:59.999,2042912128.1517663,1863650,22731.52397,1021963499.8003352,0,0.0290181083297853,0.0415594175669327,0.0233248705336235,60.82844061997774,235.05862484632237,42064.0075,42987.5442,34442.164300000004,44618.74531951756,39509.26968048244,99.03229134426904,0.021173809910348673,2
2024-02-09,45288.66,48200.0,45242.12,45288.65,45439.62231,2024-02-09 23:59:59.999,3453043306.420976,2323884,37360.96419,1754880225.38021,0,0.0211738099103486,0.0511968310426353,0.0234751531277355,64.9992409868704,409.34855920441623,42245.4885,43019.938599999994,34518.188799999996,45150.96718835573,39340.00981164427,94.37737621249424,0.04071925305788526,2
2024-02-10,47132.78,48170.0,46800.0,47132.77,73503.481,2024-02-10 23:59:59.999,1176079377.6922762,1323421,12740.69912,604397015.51796,0,0.0407192530578852,0.0910363425925924,0.0245590950214607,71.43219636110541,688.3448489812217,42517.325,43085.358,34607.97015,46103.82070455317,38930.82929544683,84.31849372434117,0.013118685789101692,1
2024-02-11,47751.08,48592.66,47557.16,47751.09,24802.35936,2024-02-11 23:59:59.999,1443314885.7714052,1407270,15741.38294,758411879.955689,0,0.0131186857891016,0.1102041357240655,0.024620870473265,73.21011823424506,948.4119723222392,42825.863,43160.999,34700.58105,47043.09383765192,38608.63216234808,93.17681963889169,0.011495025558578842,1
2024-02-12,48300.0,50334.82,47710.01,48299.99,29958.80837,2024-02-12 23:59:59.999,2898220863.0181804,1939394,30797.43359,1512688561.6888657,0,0.0114950255585788,0.1342584155886121,0.0197680751489347,74.71454553033611,1185.1470464803351,43262.4615,43252.955599999994,34795.3212,47833.35506878163,38691.56793121837,95.68828099908946,0.03348406490353306,2
2024-02-13,49917.28,50368.61,48300.95,49917.27,59009.96705,2024-02-13 23:59:59.999,2745025370.067447,1741811,28409.79337,1403783512.6809905,0,0.033484064903533,0.1687845801909213,0.0204655324404393,78.53868262475885,1486.131084108696,43763.445,43391.471,34898.79365,48909.50823314611,38617.38176685388,95.05889564453864,-0.004360815405169416,1
2024-02-14,49699.6,52043.71,49225.01,49699.59,55551.56706,2024-02-14 23:59:59.999,2919604456.723313,1859392,29664.5183,1518339681.334602,0,-0.0043608154051694,0.1531508308207043,0.0196887045542767,76.85388966840223,1687.6440357080282,44244.1805,43513.9402,35000.7209,49712.15413893218,38776.206861067825,92.11463957672552,0.04216493536465804,2
2024-02-15,51795.17,52816.62,51314.0,51795.17,57046.37401,2024-02-15 23:59:59.999,2802825737.9920154,1786569,26722.58656,1391971339.715806,0,0.042164935364658,0.1678835885780254,0.0206527758552132,81.06501598137052,1993.4609176082668,44835.8845,43699.665,35112.93225,50855.25297693985,38816.51602306015,97.5536029088246,0.001637797501195637,1
2024-02-16,51880.01,52572.08,51566.0,51880.0,53816.03055,2024-02-16 23:59:59.999,1965003863.9713345,1583711,18309.89888,952708587.7324988,0,0.0016377975011956,0.1455408805517497,0.0206177640722139,81.2140152444073,2217.1106009476716,45338.708999999995,43868.687999999995,35225.926799999994,51921.29964197327,38756.11835802672,91.15947528085007,0.004705281418658558,1
2024-02-17,52124.1,52162.82,50625.0,52124.11,37772.25318,2024-02-17 23:59:59.999,1319908544.9790893,1427773,12655.51593,650426057.1976154,0,0.0047052814186585,0.1058995683894667,0.0204322263600884,81.66122401271697,2386.541656544672,45838.883,44059.895,35340.386099999996,52872.156085470386,38805.60991452962,93.4635692455227,-0.00923699224792518,1
2024-02-18,51642.64,52377.0,51163.28,51642.64,25674.00622,2024-02-18 23:59:59.999,1139209588.4334626,1375422,11281.34692,584447328.1142721,0,-0.0092369922479251,0.0814965689788442,0.0191991346590358,77.73081359429328,2453.681866410756,46319.462,44251.4088,35450.06935,53556.85942289879,39082.064577101206,88.91909289809354,0.009585683458475325,1
2024-02-19,52137.68,52488.77,51677.0,52137.67,21992.10363,2024-02-19 23:59:59.999,1539600521.6007729,1542990,15266.36204,795825023.6442237,0,0.0095856834584753,0.079455088914097,0.0192023518165545,78.85755485970682,2517.8119810760836,46761.2105,44451.3566,35564.82765,54281.15017936559,39241.27082063441,93.5696480188511,-0.0069611856456185395,1
2024-02-20,51774.74,52985.0,50760.37,51774.73,29534.99432,2024-02-20 23:59:59.999,2574874999.3787174,1971912,24994.25062,1297330385.005093,0,-0.0069611856456185,0.0372107689382854,0.0193510500566719,75.82827749684468,2510.4108802460614,47202.892,44641.1796,35677.7331,54810.624204833584,39595.159795166415,89.82789559702499,0.009349928044047662,1
2024-02-21,52258.82,52366.8,50625.0,52258.82,49614.47318,2024-02-21 23:59:59.999,2210278288.725095,1824860,22239.73293,1140905416.956252,0,0.0093499280440476,0.0514939861676928,0.0192571094240963,77.0922955145459,2514.62049207159,47686.833,44802.765,35793.45725,55288.08613576926,40085.579864230735,92.87849367461018,-0.007834658340927003,1
2024-02-22,51849.38,52065.78,50940.78,51849.39,43079.40049,2024-02-22 23:59:59.999,1820949707.158534,1688184,17830.4673,919599483.9078616,0,-0.007834658340927,0.0010468157552143,0.0163830458809515,73.58730539197327,2456.600894589348,48125.1555,44940.8146,35907.34355,55624.27230016901,40626.03869983099,86.87747720680849,-0.010819220824005882,1
2024-02-23,51288.42,51548.54,50521.0,51288.42,35309.44574,2024-02-23 23:59:59.999,1559143576.8296163,1487039,14610.80906,745820955.2560463,0,-0.0108192208240058,-0.0114028527370856,0.01678535877534,68.96110250458015,2338.3987496150585,48529.5765,45109.6784,36018.34355,55791.280468158504,41267.87253184149,78.08851486785275,-0.010611947102289299,1
2024-02-24,50744.15,51698.0,50585.0,50744.15,30545.79544,2024-02-24 23:59:59.999,847793393.571868,855015,8462.15627,433239599.4239887,0,-0.0106119471022892,-0.0264745047925039,0.0171352759639993,64.7104496653553,2175.724262816235,48916.2295,45241.539399999994,36126.009,55773.66858895858,42058.790411041424,63.76960388035572,0.016239704478250294,1
2024-02-25,51568.21,51958.55,51279.8,51568.22,16560.4211,2024-02-25 23:59:59.999,966951114.4504628,923992,9544.17672,492952522.6816389,0,0.0162397044782502,-0.001441057234874,0.0170660302130032,67.93329974407287,2089.2159411041503,49365.496499999994,45390.0016,36234.998,55658.46519960505,43072.527800394935,73.8979041386629,0.0031149029382824267,1
2024-02-26,51728.85,54910.0,50901.44,51728.85,18721.63159,2024-02-26 23:59:59.999,2710403072.980595,1808909,27198.83551,1438371804.1101012,0,0.0031149029382824,-0.0078411635963018,0.0155089691824904,68.53648191906902,2010.4438264738344,49816.504,45545.21220000001,36345.7323,55388.067875492576,44244.940124507426,76.18668471409421,0.05311581448263403,2
2024-02-27,54476.48,57588.15,54450.13,54476.47,51256.72199,2024-02-27 23:59:59.999,3795949115.2249312,2414285,34970.25885,1975472154.511574,0,0.053115814482634,0.0521825995036573,0.0176270825809712,76.6331881369462,2145.0001033136286,50385.38,45756.1612,36470.835900000005,55391.95514483082,45378.804855169175,93.4403582965782,0.04700873606531397,2
2024-02-28,57037.35,64000.0,56691.85,57037.34,67194.98562,2024-02-28 23:59:59.999,7162581994.485739,3895062,62066.63936,3742433894.945077,0,0.0470087360653139,0.0914394928932569,0.0188229643741485,81.42978815815755,2430.263168036392,51019.767,45957.887200000005,36608.89245,56021.72597068356,46017.80802931644,93.41383738643611,0.09458295215029322,2
2024-02-29,62432.11,63676.35,60364.7,62432.1,118763.46984,2024-02-29 23:59:59.999,4872212871.27608,3169405,39463.06931,2452515504.8686514,0,0.0945829521502932,0.2041048120334685,0.0240902683975921,87.33011431565663,3056.415789479739,51876.93949999999,46284.3292,36773.9021,58323.62417139634,45430.25482860365,88.36783144150158,-0.020840561185672013,0
2024-03-01,61130.99,63114.23,60777.0,61130.98,78425.07603,2024-03-01 23:59:59.999,2956537377.9660296,1947444,24195.70252,1498771144.099956,0,-0.020840561185672,0.1919060871830329,0.0245669785295446,80.67255732604411,3408.367207539566,52576.85,46573.86899999999,36933.037800000006,59803.62443169202,45350.07556830798,78.71488982862232,0.02056109684484042,2
2024-03-02,62387.9,62433.19,61561.12,62387.9,47737.93473,2024-03-02 23:59:59.999,1582566973.834093,1641808,12691.37721,786583052.0862726,0,0.0205610968448404,0.2294599475998711,0.024299942862133,82.09277260367122,3745.537951517618,53308.6905,46894.8438,37097.822649999995,61350.93242136599,45266.448578634016,88.03991394020329,-0.006421437490282567,1
2024-03-03,61987.28,63231.88,61320.0,61987.28,25534.73659,2024-03-03 23:59:59.999,1804536272.9443457,1992011,14905.186,927868983.7308432,0,-0.0064214374902825,0.202044204744705,0.0245596481009523,80.07312210159215,3935.0605805429514,53993.05499999999,47278.934799999995,37261.75905,62528.29975621509,45457.810243784894,85.06773499517769,0.018176148396896963,1
2024-03-04,63113.97,68499.0,62300.0,63113.97,28994.90903,2024-03-04 23:59:59.999,5568877537.081252,3887853,45319.0864,2974396037.6857204,0,0.0181761483968969,0.22009226959424,0.0245098199817155,81.45495546775902,4128.581380143507,54652.89,47684.254400000005,37433.676349999994,63841.180785222095,45464.5992147779,93.42658950960754,0.08130909844524137,2
2024-03-05,68245.71,69000.0,59005.0,68245.71,84835.16005,2024-03-05 23:59:59.999,8674526591.287142,5310706,65991.84526,4318205559.64365,0,0.0813090984452413,0.2527557310523241,0.0272543676063626,86.16188938874777,4642.520452421515,55580.196,48214.5216,37641.78784999999,66211.8006209278,44948.59137907221,98.59111135832688,-0.0662561793261438,0
2024-03-06,63724.01,67641.1,62779.14,63724.01,132696.7813,2024-03-06 23:59:59.999,5197743036.597275,3302981,40344.32596,2663883160.206962,0,-0.0662561793261438,0.117233201969096,0.0308005029969219,69.43825070352155,4631.567640645917,56176.638,48638.7798,37830.1379,67222.32048264728,45130.95551735271,71.44872558038857,0.03687825044280779,2
2024-03-07,66074.04,67980.0,65551.0,66074.04,78738.85491,2024-03-07 23:59:59.999,3548088039.273608,2428227,27935.66302,1867854683.9820297,0,0.0368782504428077,0.0583344145079214,0.0310039342342841,72.43300585797813,4757.671760871344,56886.34,49097.5016,38030.00805,68543.60758042197,45229.072419578035,84.16602630012443,0.011337735667442228,1
2024-03-08,66823.18,69990.0,66082.66,66823.17,53059.8869,2024-03-08 23:59:59.999,5044395324.399055,2943927,37711.514581,2563347797.52868,0,0.0113377356674422,0.0931146531594944,0.0309919241765704,73.33016983747132,4862.012461778773,57621.29299999999,49578.443,38233.17395,69825.53877628296,45417.04722371702,88.21997943611666,0.01946959415424332,1
2024-03-09,68124.2,68541.1,67861.1,68124.19,74261.932842,2024-03-09 23:59:59.999,1355964036.909299,1345341,10005.592,682720256.0028228,0,0.0194695941542433,0.0919455535448381,0.0308937955229111,74.86038500979981,4992.138395973721,58445.370500000005,50114.3768,38443.1603,71139.48373423326,45751.257265766755,90.3849007987632,0.002775519239201163,1
2024-03-10,68313.28,69887.61,68094.75,68313.27,19872.89743,2024-03-10 23:59:59.999,2659307501.094578,2139518,19188.79904,1328747995.9940257,0,0.0027755192392011,0.1020530341063521,0.0309467638370813,75.08413066081498,5052.281753009956,59254.15049999999,50647.461599999995,38654.44665,72294.15362265358,46214.14737734639,91.21604772701558,0.009406810711886537,1
2024-03-11,68955.88,72800.0,67024.96,68955.88,38404.66835,2024-03-11 23:59:59.999,5352704377.618805,3043414,39435.855459,2803359303.286973,0,0.0094068107118865,0.0925612823912043,0.0305487116347975,75.87015690654249,5093.089092533955,60113.208,51192.6584,38867.06245,73331.60908109375,46894.80691890624,94.58251434366974,0.04527851721999632,2
2024-03-12,72078.1,73000.0,68620.82,72078.1,75292.825726,2024-03-12 23:59:59.999,4909667978.559339,3047890,34517.212933,2465202174.4072266,0,0.0452785172199963,0.0561557642231285,0.0311047532062362,79.28888923841942,5316.08573640565,61104.172000000006,51802.6138,39096.5527,74782.3127540243,47426.03124597571,96.06591218357408,-0.008686272251904659,1
2024-03-13,71452.0,73650.25,71333.31,71452.01,68783.546691,2024-03-13 23:59:59.999,3829764501.253793,2501197,26787.082237,1948382241.8894603,0,-0.0086862722519046,0.1212729707374031,0.0313839921402774,76.93496589260869,5380.271531616738,62084.303,52440.293600000005,39323.51269999999,75778.6178663816,48389.9881336184,90.50787489690734,0.02267815838910625,2
2024-03-14,73072.4,73777.0,68555.0,73072.41,52659.711647,2024-03-14 23:59:59.999,5132189849.096632,2994869,35676.748326,2552190396.8890066,0,0.0226781583891062,0.105917089374284,0.0312094973519327,78.69766184562022,5498.5085901825005,63173.5025,53103.7898,39558.7879,76724.38138644685,49622.62361355315,96.05442037520702,-0.02303838069662678,0
2024-03-15,71388.94,72419.71,65600.0,71388.94,71757.628746,2024-03-15 23:59:59.999,7065279917.872112,3904445,49844.66515,3409385750.021177,0,-0.0230383806966267,0.0683261509443506,0.0317543569522657,72.49866854029604,5394.1894925894885,64205.74199999999,53729.87100000001,39785.22375,76932.29561844438,51479.18838155561,83.83387489845656,-0.026461942143979122,0
2024-03-16,69499.84,70043.0,64780.0,69499.85,103334.03546,2024-03-16 23:59:59.999,3788544202.884856,2729019,27240.19894,1846731512.2736232,0,-0.0264619421439791,0.0201934144097712,0.0320235164556114,66.19734392323124,5100.289122764894,65102.3235,54320.64619999999,40002.123,76609.44550776575,53595.20149223425,71.04555916598974,-0.06042056205876711,0
2024-03-17,65300.64,68904.4,64533.0,65300.63,55926.95336,2024-03-17 23:59:59.999,3322963634.2425127,2449156,25328.29435,1692079618.2113106,0,-0.0604205620587671,-0.0441003629309504,0.0345123501073321,54.79610223170535,4476.921834466251,65780.9125,54790.1886,40190.04445,75517.94650325124,56043.87849674877,42.618670457622514,0.04736324902225286,2
2024-03-18,68393.47,68956.0,66565.2,68393.48,49742.21589,2024-03-18 23:59:59.999,3768277912.4189186,2464515,28529.67219,1930726566.249246,0,0.0473632490222528,-0.0081559397110153,0.0352318494966863,60.22923640512253,4184.232684551738,66476.763,55315.6456,40395.5119,74764.10378268293,58189.422217317086,63.555916598970995,-0.011455624132592601,1
2024-03-19,67610.0,68124.11,61555.0,67609.99,55691.08088,2024-03-19 23:59:59.999,6484805948.535393,3593832,48205.28434,3095258881.7022734,0,-0.0114556241325926,-0.0619898415746252,0.0352752463569797,58.31705362259989,3844.7336333702697,67005.3955,55827.2242,40603.85795,74076.3577640921,59934.433235907905,58.25203086921206,-0.08390165417862072,0
2024-03-20,61937.41,68100.0,60775.0,61937.4,101005.32487,2024-03-20 23:59:59.999,5769770052.062583,3549793,45523.84281,2907222064.1312914,0,-0.0839016541786207,-0.1331608446004527,0.0391899965300153,46.74544010987002,3082.415417961769,66980.6605,56199.91819999999,40784.5197,74118.5852257767,59842.73577422329,3.1287841597120067,0.09530768162693293,2
2024-03-21,67840.51,68240.47,64529.01,67840.51,90420.58592,2024-03-21 23:59:59.999,3551223142.964417,2388390,26650.09786,1774833851.2215245,0,0.0953076816269329,-0.0715988428464314,0.0423031837956214,56.43347020027168,2920.9336774797484,67316.137,56697.9064,40994.3747,73934.58903236825,60697.68496763176,54.34171665897551,-0.034481462477213065,0
2024-03-22,65501.28,66649.62,62260.0,65501.27,53357.48002,2024-03-22 23:59:59.999,3310481978.107645,2492881,24578.87957,1580940164.1212375,0,-0.034481462477213,-0.0824731393966629,0.0430729908677358,52.36789164102958,2574.523610976983,67471.8055,57156.3318,41192.025,73757.36204155575,61186.248958444245,36.35033071835099,-0.026024380901316868,0
2024-03-23,63796.64,65999.0,63000.0,63796.64,51482.37821,2024-03-23 23:59:59.999,1706152172.6316135,1753566,12749.00823,823892846.7149769,0,-0.0260243809013168,-0.0820607526491065,0.0434365589661183,49.56564478852459,2137.798531967943,67562.2735,57570.6058,41381.8781,73575.662519467,61548.88448053299,23.239809260113823,0.003031037371247214,1
2024-03-24,63990.02,67628.69,63772.29,63990.01,26410.11409,2024-03-24 23:59:59.999,2059312948.6486871,1880774,16689.65617,1095820626.0291996,0,0.0030310373712472,-0.0200705567465427,0.0433048076977167,49.89319783326601,1786.69815916066,67606.0755,57986.405999999995,41572.86765,73500.81090845511,61711.3400915449,24.727041993539473,0.05032004214407837,2
2024-03-25,67210.0,71150.0,66385.06,67209.99,31395.78015,2024-03-25 23:59:59.999,3679964073.811213,2632220,27815.58769,1915614174.2397635,0,0.0503200421440783,-0.0173041348385838,0.0438130863168661,55.12022329553202,1748.1227883383108,67554.2895,58470.384000000005,41780.117849999995,73443.8335114201,61664.7454885799,49.49230887555764,0.039726534701165495,2
2024-03-26,69880.0,71561.1,69280.0,69880.01,53431.14486,2024-03-26 23:59:59.999,2738537345.33588,2176807,19498.85666,1371708206.538872,0,0.0397265347011654,0.033575215733651,0.0441309763420342,58.94470936547954,1910.9713406759256,67862.0895,59016.3266,41998.2429,73559.04941399398,62165.12958600603,70.027764959237,0.0015453632591067024,1
2024-03-27,69987.99,71769.54,68359.18,69988.0,38934.38417,2024-03-27 23:59:59.999,3426458581.943343,2453366,24902.3347,1737325915.834418,0,0.0015453632591067,0.1299796245886975,0.0441417168203209,59.09653190036286,2025.39637352532,68057.7875,59561.9126,42218.6304,73764.50602475223,62351.068975247785,70.85832948777112,-0.007401411670572067,1
2024-03-28,69469.99,71552.06,68903.62,69469.99,49119.35685,2024-03-28 23:59:59.999,2500571208.0026274,1799897,18007.26883,1270852446.7077453,0,-0.007401411670572,0.0240192769777234,0.0435322458941059,57.98876032344082,2050.641440589374,68190.1285,60089.33340000001,42436.4723,73898.94509063997,62481.31190936004,66.8742501153669,0.018865844086057848,1
2024-03-29,70780.6,70916.16,69009.0,70780.6,35439.03239,2024-03-29 23:59:59.999,1779608477.3224535,1522607,11839.0929,828039936.6854533,0,0.0188658440860578,0.0805988952580616,0.0429857517589717,60.03021638517826,2151.601291530271,68322.949,60617.9534,42661.167250000006,74141.99193385012,62503.906066149866,85.92399467225891,-0.01314004119772949,1
2024-03-30,69850.53,70321.1,69540.0,69850.54,25445.08353,2024-03-30 23:59:59.999,954555919.6855744,1110488,6423.89367,449436189.73361903,0,-0.0131400411977294,0.0948937122707402,0.0399016497714887,57.88074902180531,2131.988396495013,68399.8125,61109.1912,42884.60734999999,74256.80121362324,62542.82378637675,82.54588186499844,-0.0038419173280550556,1
2024-03-31,69582.17,71366.0,69562.99,69582.18,13644.61142,2024-03-31 23:59:59.999,1367523707.2612453,1181926,10142.47988,715151368.946302,0,-0.003841917328055,0.0873912974853416,0.0396490432248966,57.243834481307886,2070.91836880079,68431.1275,61558.1794,43103.317749999995,74306.34244438374,62555.91255561626,80.10503395321676,0.024400356528065048,2
2024-04-01,71280.0,71288.23,68062.86,71280.01,19396.34433,2024-04-01 23:59:59.999,2876486469.465523,1893438,20211.15024,1402849944.7822893,0,0.024400356528065,0.060556771396633,0.0397068773994532,60.22584445884538,2134.9107018745417,68391.223,62028.75779999999,43328.607800000005,74176.97496347364,62605.47103652636,95.54751722218484,-0.022870507453632394,0
2024-04-02,69649.81,69674.23,64550.0,69649.8,41445.32039,2024-04-02 23:59:59.999,4750030717.922425,2662410,35520.17401,2348263612.3034706,0,-0.0228705074536323,-0.0032943612915909,0.0399856418975322,56.17463554904079,2030.6724363126705,68301.1125,62455.754,43544.243149999995,73947.84305626972,62654.38194373029,80.72006650573837,-0.0600979471584987,0
2024-04-03,65463.99,66903.63,64493.07,65463.99,71799.82793,2024-04-03 23:59:59.999,2630556596.1359286,2172096,20618.58747,1360363531.1659515,0,-0.0600979471584987,-0.064639795393496,0.0415948605987809,47.3646240173483,1591.9519440768636,67920.6915,62766.6884,43738.5631,73246.42922124072,62594.953778759285,42.648350908723785,0.007626941162614864,1
2024-04-04,65963.27,69309.91,65064.52,65963.28,39887.21778,2024-04-04 23:59:59.999,2795469450.572386,2000945,21013.32173,1415699952.0381584,0,0.0076269411626148,-0.0504780553444732,0.0388376535790557,48.404088237408494,1269.9125619083352,67649.40849999999,63091.96220000001,43935.58114999999,72790.3857257428,62508.43127425718,38.942787979229294,0.03827144435510177,2
2024-04-05,68487.8,68756.67,65952.56,68487.79,41510.48453,2024-04-05 23:59:59.999,2555458935.2360086,1901980,18889.98453,1273220222.7625887,0,0.0382714443551017,-0.0323931981362126,0.0373876453001048,53.413646625240375,1204.515979731761,67598.80549999999,63425.8146,44145.38255,72685.56813846606,62512.04286153392,65.48991854495588,-0.009741444423889245,1
2024-04-06,67820.63,69692.0,67447.83,67820.62,37915.23073,2024-04-06 23:59:59.999,1373131967.764819,1171460,9973.86412,680800856.2096505,0,-0.0097414444238892,-0.0290609063294284,0.0369001706834142,51.97735565532915,1086.331124981094,67724.80500000001,63744.62699999999,44350.67309999999,72701.26647908485,62748.34352091517,54.97004403879792,0.01585623959202964,1
2024-04-07,68896.0,70326.29,68824.0,68896.0,20134.28919,2024-04-07 23:59:59.999,1496213373.1855776,1269048,11149.90398,774906774.5282813,0,0.0158562395920296,-0.009861432912852,0.0369507789497421,54.11893335549785,1067.1416105755052,67749.93100000001,64080.06479999999,44559.1018,72744.6840353153,62755.17796468473,64.06839851198853,0.006740449372967916,1
2024-04-08,69360.38,72797.99,69043.24,69360.39,21534.74433,2024-04-08 23:59:59.999,3270853309.6629424,2037025,25309.90487,1811209901.716354,0,0.0067404493729679,-0.0269306920692069,0.0368122661381195,55.051139664034544,1076.991288912148,67837.451,64434.4198,44770.27875,72880.43799419612,62794.46400580388,66.89122610276692,0.03257781566683815,2
2024-04-09,71620.0,71758.19,68210.0,71620.0,45723.87624,2024-04-09 23:59:59.999,2749007421.6421075,1804157,18896.53756,1321865585.238052,0,0.0325778156668381,0.0282872312626885,0.0372541988277869,59.37621997220453,1252.6886575358803,68321.58099999999,64824.0664,44995.53835,72837.5089691987,63805.65303080129,85.81575740645299,-0.034543423624685876,0
2024-04-10,69146.0,71172.08,67518.0,69146.0,39293.90242,2024-04-10 23:59:59.999,2901564970.815804,1852170,20269.34809,1401023003.7318227,0,-0.0345434236246858,0.0562448148974725,0.0378227885737398,53.32607225290019,1178.7115114999324,68386.85549999999,65171.4918,45208.36765,72910.81503316274,63862.89596683724,56.02618688680923,0.02147745350417951,2
2024-04-11,70631.08,71305.89,69567.21,70631.08,42006.02377,2024-04-11 23:59:59.999,2247473274.616258,1658995,15908.49124,1120249990.7357526,0,0.0214774535041795,0.0707636127251405,0.0370999820999152,56.21049122401922,1225.787519460384,68643.34599999999,65538.937,45428.64325,73064.3242104248,64222.367789575175,73.9081171161191,-0.008846672031632585,1
2024-04-12,70006.22,71227.46,65086.86,70006.23,31917.25595,2024-04-12 23:59:59.999,3843551585.3212743,2496617,25935.86464,1777808491.1704545,0,-0.0088466720316325,0.0221709592322953,0.0371012870401675,54.67934075499723,1198.8557590936543,68953.8255,65902.0738,45647.4325,72805.16773443905,65102.48326556096,66.384263785804,-0.04127789769567636,0
2024-04-13,67116.52,67929.0,60660.57,67116.52,56072.86229,2024-04-13 23:59:59.999,4614468627.809045,3341340,33221.6695,2144846149.680918,0,-0.0412778976956763,-0.0103817983380274,0.0375866072341855,48.14747596530581,933.5750265089736,69110.151,66218.6358,45851.49105,72347.79393822387,65872.50806177613,31.589106216556004,-0.047559229828960214,0
2024-04-14,63924.52,65840.0,62134.0,63924.51,71395.22019,2024-04-14 23:59:59.999,3946124834.6970353,2657953,29732.29634,1904847012.5093088,0,-0.0475592298289602,-0.0721593416163492,0.0383160973278058,42.15679528632398,460.46168871175905,68945.87700000001,66482.243,46040.005249999995,72822.78816201017,65068.965837989854,26.891546967971784,0.027177838359652595,2
2024-04-15,65661.85,66867.07,62274.4,65661.84,61599.17818,2024-04-15 23:59:59.999,3398072231.5612235,2539048,25206.68008,1634572976.939813,0,0.0271778383596525,-0.0533236621074363,0.0384331812724825,46.088550015153565,223.13184640667168,68734.9685,66764.1154,46236.4495,72838.01242954377,64631.924570456235,41.20537972649866,-0.034142357265650736,0
2024-04-16,63419.99,64365.0,61600.0,63419.99,52389.53069,2024-04-16 23:59:59.999,3355338198.4469132,2604354,26041.2664,1635683129.3076532,0,-0.0341423572656507,-0.1144932979614633,0.0373197186340664,42.11080842977509,-144.19018783698266,68406.568,66997.93819999999,46418.4425,73069.11704931402,63744.01895068598,22.73481514193294,0.005887733504845949,1
2024-04-17,63793.4,64499.0,59678.16,63793.39,53435.29331,2024-04-17 23:59:59.999,3128625247.4738536,2458327,24346.74671,1506361259.7013583,0,0.0058877335048459,-0.0774102623434471,0.0362458742034068,42.99332261664396,-400.5480187932699,68122.738,67184.2766,46602.87465,73167.26322479361,63078.212775206375,25.811251485076717,-0.03944013635268473,0
2024-04-18,61277.38,64117.09,60803.35,61277.37,50610.54509,2024-04-18 23:59:59.999,2726741448.886802,2142511,20870.20705,1305027167.9395082,0,-0.0394401363526847,-0.1324305107609851,0.0368609165803297,38.71096734950789,-797.5416696132306,67647.5765,67269.0772,46774.4487,73348.72440793276,61946.42859206723,12.189258549844006,0.03578335689015377,2
2024-04-19,63470.09,65450.0,59600.01,63470.08,43601.60918,2024-04-19 23:59:59.999,4419893235.183288,2828284,34941.50216,2214809735.2402415,0,0.0357833568901537,-0.0933652619202604,0.0341360861222383,43.95063976325058,-924.5707502315636,67328.5535,67289.8368,46951.83625,73212.06185259424,61445.04514740575,28.90220376331094,0.005481795516879773,1
2024-04-20,63818.01,65419.0,63090.07,63818.01,69774.30271,2024-04-20 23:59:59.999,1486949581.439479,1376712,11811.8444,759077474.2972904,0,0.0054817955168797,-0.0491460224695797,0.0291944044031963,44.75766800972009,-985.8034401720652,67040.345,67343.57740000001,47133.45375,73018.00596645965,61062.68403354035,31.959436216754373,0.017590332258871744,1
2024-04-21,64940.58,65695.56,64237.5,64940.59,23137.42975,2024-04-21 23:59:59.999,1254396628.1531763,1390153,9734.71767,632257865.0082499,0,0.0175903322588717,0.0158949986476235,0.0287174084542347,47.38974500464995,-932.9930013485572,66723.374,67394.63119999999,47321.024399999995,72434.53767478043,61012.210325219574,40.46513178531861,8.623266280816111e-06,1
2024-04-22,64941.15,67232.35,64500.0,64941.15,19316.42152,2024-04-22 23:59:59.999,2071690434.976552,1816591,16466.05497,1086399264.6092272,0,8.623266280816111e-06,-0.0109757813670771,0.028290475760565,47.39109161294738,-880.9402301751688,66487.94149999999,67453.7086,47506.83729999999,72084.20340616972,60891.67959383025,40.46937485887991,0.028921107802987844,2
2024-04-23,66819.32,67183.01,65765.81,66819.32,31397.99371,2024-04-23 23:59:59.999,1502139968.7198815,1433915,10854.17402,721404825.847041,0,0.0289211078029878,0.0536002922737768,0.0287463465835408,51.84314676390416,-680.2934125302054,66555.708,67527.8156,47703.88195,72133.52523755265,60977.89076244735,59.37821285751654,-0.0060659102786441155,1
2024-04-24,66414.0,67070.43,63606.06,66414.0,22599.90004,2024-04-24 23:59:59.999,2195714861.657656,1784897,16899.50969,1104368114.1058698,0,-0.0060659102786441,0.0410796479070951,0.0272732141216642,50.84318857278008,-547.6720777652954,66578.24399999999,67491.1814,47896.2965,72149.94353378423,61006.54446621576,58.20997652461839,-0.031987382178456425,0
2024-04-25,64289.58,65297.94,62794.0,64289.59,33595.69637,2024-04-25 23:59:59.999,2007704069.2622728,1375324,14808.62959,948738136.268438,0,-0.0319873821784564,0.0491571358235509,0.0268068833262078,45.85127672634935,-606.99380035387,66368.334,67502.493,48077.9611,71952.76782121156,60783.90017878845,40.061746746079706,0.003247026462604552,1
2024-04-26,64498.33,64820.01,63297.48,64498.34,31341.46338,2024-04-26 23:59:59.999,1736631357.3537388,1025561,13570.23647,870093757.5188991,0,0.0032470264626045,0.0162007043318677,0.0268173719213121,46.408085704207416,-629.9012035175183,66202.22,67470.979,48260.867549999995,71801.60159499382,60602.83840500619,42.12729360263852,-0.0112922286061935,1
2024-04-27,63770.0,63923.41,62391.24,63770.01,27085.19346,2024-04-27 23:59:59.999,1320337707.787116,912422,9903.95325,624733409.211288,0,-0.0112922286061935,-0.0007521387771257,0.0268519396179299,44.681714301207286,-698.7706367253049,65945.9205,67409.9158,48441.76699999999,71497.69098072905,60394.150019270935,50.06609444842653,-0.004830326982856015,1
2024-04-28,63461.98,64370.0,62781.0,63461.98,20933.06052,2024-04-28 23:59:59.999,1078450016.4732296,790652,7941.33811,505261267.5695052,0,-0.004830326982856,-0.0227686567060754,0.0265486499519634,43.93728527393741,-769.3371654581861,65651.0,67316.6716,48622.1263,71071.01058611841,60230.989413881594,50.60007808876438,-0.0054104835682718955,1
2024-04-29,63118.62,64228.35,61765.53,63118.62,16949.20005,2024-04-29 23:59:59.999,1765038324.6837213,1152296,13986.59437,877053322.307997,0,-0.0054104835682718,-0.0280643320914396,0.0264871722912359,43.0757604558434,-843.2474980499537,65225.931,67212.7786,48803.341799999995,70001.97304624203,60449.88895375798,46.101326722866105,0.01184087991784355,1
2024-04-30,63866.0,64734.0,59191.6,63866.0,28150.22947,2024-04-30 23:59:59.999,3372142467.4322524,1985671,26385.41614,1620421850.578699,0,0.0118408799178435,-0.044198594059323,0.0266249969575441,45.577210455623394,-831.9247387067517,64961.931,67110.981,48988.873649999994,69414.82757408205,60509.03442591795,55.89360536873352,-0.05001096044843889,0
2024-05-01,60672.01,60841.63,56552.82,60672.0,54947.65535,2024-05-01 23:59:59.999,4705572361.7402,2401089,38203.57377,2213404278.59001,0,-0.0500109604484388,-0.0864576745866835,0.0274840663582286,37.91015987901544,-1068.3650299483195,64463.977,66882.859,49157.92364999999,68475.12480020878,60452.82919979122,18.411217859030565,-0.03802462420886077,0
2024-05-02,58364.97,59625.0,56911.84,58364.97,81166.46823,2024-05-02 23:59:59.999,2778840305.0505786,1572898,23240.7537,1356148775.8867364,0,-0.0380246242088607,-0.0921551996209649,0.0279592283303831,33.52350899458976,-1425.4717535142408,63881.914,66621.1182,49315.486099999995,67885.70981712802,59878.11818287198,16.968443367826115,0.011918793070569533,1
2024-05-03,59060.6,63333.0,58811.32,59060.61,47583.81961,2024-05-03 23:59:59.999,2658193708.347904,1558661,22145.44334,1349687455.5957608,0,0.0119187930705695,-0.0843080612617316,0.026141779525572,35.9308756044763,-1633.518881624128,63479.1185,66340.88220000001,49475.0184,67714.42998122625,59243.80701877375,23.48221316855704,0.06470302287768459,2
2024-05-04,62882.01,64540.0,62541.03,62882.01,43628.40143,2024-05-04 23:59:59.999,1547468697.8765795,1113509,12671.20599,804768764.3062501,0,0.0647030228776845,-0.0139250409400908,0.0288820947721728,47.2351242520288,-1473.062142888295,63426.9935,66170.74359999999,49646.92455,67664.75567773094,59189.23132226905,59.26468674183226,0.016062304624168355,1
2024-05-05,63892.03,64646.0,62822.17,63892.04,24368.69282,2024-05-05 23:59:59.999,1182572239.5306184,992921,8954.93439,571783428.2394707,0,0.0160623046241683,0.0067766558812063,0.0281100653781749,49.758334269498974,-1249.9889470936832,63338.50349999999,66058.5874,49824.405199999994,67458.17001906763,59218.83698093235,68.72231268604514,0.0018775421789631874,1
2024-05-06,64012.0,65500.0,62700.0,64012.0,18526.75029,2024-05-06 23:59:59.999,2218131198.466132,1392557,17179.56031,1099303474.2805216,0,0.0018775421789631,0.0141539849888985,0.0280787530813085,50.06376388975867,-1051.402153270632,63368.10399999999,66032.8148,50002.86519999999,67498.18135606633,59238.02664393365,69.84558309213978,-0.013228925826407556,1
2024-05-07,63165.18,64422.41,62261.0,63165.19,34674.91949,2024-05-07 23:59:59.999,1624531631.592377,1272898,12502.38281,793575994.2141025,0,-0.0132289258264075,-0.0109731312435411,0.0279591602849493,47.85227911392829,-951.38421334351,63336.694,65928.249,50175.122599999995,67462.90943264672,59210.47856735328,62.20368591718498,-0.013506014942723965,1
2024-05-08,62312.07,63020.22,60888.0,62312.08,25598.79472,2024-05-08 23:59:59.999,1623561041.1255188,1415152,12669.58179,787749415.5480814,0,-0.0135060149427239,0.0270319092827004,0.0279724711885484,45.663829633070286,-930.2349531345826,63388.429500000006,65822.2908,50338.337799999994,67435.24939359237,59341.60960640764,54.75825781712771,-0.01795879707433945,1
2024-05-09,61193.03,63429.03,60630.0,61193.03,26121.19004,2024-05-09 23:59:59.999,1895849912.7734756,1381957,15120.01471,935341755.6782354,0,-0.0179587970743394,0.0484547494841511,0.027256928446593,42.89276243352133,-992.3329976645182,63274.577000000005,65807.40340000001,50494.753950000006,67432.40385019951,59116.7501498005,51.86226274647429,0.030738468090238502,2
2024-05-10,63074.0,63469.13,60187.12,63074.01,30660.8061,2024-05-10 23:59:59.999,2255550468.413852,1500643,18066.83174,1116494638.2804892,0,0.0307384680902385,0.0679539205572039,0.0274118428403838,48.5450149114544,-879.6269869952157,63237.377,65712.0734,50660.1617,67388.39739207711,59086.3566079229,72.88542311655742,-0.03605320162773862,0
2024-05-11,60799.99,61515.0,60487.09,60799.99,36529.34025,2024-05-11 23:59:59.999,814928013.4573288,753281,6223.09555,379263096.21513295,0,-0.0360532016277386,-0.0331099467081285,0.0276735531935403,43.00349453736484,-962.7036226589188,63030.346999999994,65618.0478,50798.8117,67233.62057957104,58827.07342042895,47.46937023732615,0.0004276316492815013,1
2024-05-12,60825.99,61888.0,60610.0,60825.99,13374.56936,2024-05-12 23:59:59.999,781041632.4623835,727113,6416.91108,393132351.8883925,0,0.0004276316492815,-0.0479879809754079,0.0276764319336004,43.08349385444837,-1014.7470993451934,62824.589,65558.6348,50933.32800000001,67036.44936119337,58612.72863880662,47.75996459219551,0.010817744191257805,1
2024-05-13,61484.0,63450.0,60749.21,61483.99,12753.13236,2024-05-13 23:59:59.999,2041896626.6108148,1371433,16717.90863,1043060982.35746,0,0.0108177441912578,-0.0394927513591202,0.0269000073769103,45.18054951237646,-991.4678050185394,62557.822499999995,65508.51440000001,51068.2677,66381.82252920908,58733.82247079091,55.1142371115815,0.02368242529478004,2
2024-05-14,62940.09,63118.36,61142.77,62940.08,32733.41839,2024-05-14 23:59:59.999,1800171876.1676655,1127939,13815.81443,855088066.212488,0,0.02368242529478,-0.0035638300146013,0.0259178621454449,49.60543872995574,-845.7749356171043,62384.1265,65423.11619999999,51212.2098,65783.7585681343,58984.4944318657,71.38852688780155,-0.021649003306001613,0
2024-05-15,61577.49,66444.16,61319.47,61577.49,29088.72041,2024-05-15 23:59:59.999,2794259631.8910465,1729454,21797.84094,1398781701.4413886,0,-0.0216490033060016,-0.0117888858789499,0.0256717190071014,45.873843618583905,-830.6862779878647,62248.521499999995,65257.0658,51350.637149999995,65548.20596874047,58948.83703125952,56.159259118515536,0.0751737363767182,2
2024-05-16,66206.51,66752.01,64602.77,66206.5,43559.74719,2024-05-16 23:59:59.999,2045507646.8293848,1269793,15645.11263,1028962305.104384,0,0.0751737363767182,0.0819287752216224,0.0285253238253491,57.55528527892742,-440.1324148539789,62333.929500000006,65181.4358,51511.26465,65936.63981198668,58731.21918801333,97.50679792537385,-0.014670613912531216,1
2024-05-17,65235.21,67451.2,65106.38,65235.21,31106.3671,2024-05-17 23:59:59.999,1745971822.3447456,1117254,13301.09525,883129353.1633428,0,-0.0146706139125312,0.0342645092645923,0.0286708898664355,54.87894992525798,-206.60899029206485,62407.1895,65096.74019999999,51664.81125,66179.33394966455,58635.04505033545,80.89838540479485,0.027420621471134998,2
2024-05-18,67024.0,67400.01,66600.0,67024.0,26292.23409,2024-05-18 23:59:59.999,967145944.6835316,734067,6911.13424,462859253.5879108,0,0.0274206214711349,0.102368602363257,0.0279986017537551,58.68888328436916,121.40097470991168,62585.2905,65021.6082,51827.5576,66844.71124971879,58325.86975028121,94.11900749991744,-0.0016232991167343114,1
2024-05-19,66915.2,67700.0,65857.25,66915.2,14441.25774,2024-05-19 23:59:59.999,1204989222.8768685,823729,8692.17507,581378180.3374597,0,-0.0016232991167343,0.1001086870924747,0.0273301416477414,58.36606892459531,368.3261498572174,62775.11949999999,64962.9014,51988.93474999999,67432.50719168886,58117.73180831112,92.62122663847312,-0.009582127827459264,1
2024-05-20,66274.0,71515.56,66060.31,66274.01,18025.30409,2024-05-20 23:59:59.999,3485474763.752294,1930939,26792.52994,1839346667.540789,0,-0.0095821278274592,0.0779067851647232,0.0274045283089861,56.397286443723615,506.4395360853742,62895.52,64896.738,52143.197649999995,67778.5229574265,58012.5170425735,81.01939602389488,0.07804884599558704,2
2024-05-21,71446.62,71979.0,69162.94,71446.62,50816.7011,2024-05-21 23:59:59.999,3509345769.233608,2137448,24686.27911,1746693652.328722,0,0.078048845995587,0.1351529899548902,0.0306504032797384,66.27923148730012,1021.5064963942132,63434.251,64900.0702,52325.7228,69460.71327273612,57407.78872726389,99.39144312897449,-0.018171328468722492,1
2024-05-22,70148.34,70666.0,68842.19,70148.34,49607.4336,2024-05-22 23:59:59.999,1931700812.3032143,1371973,13124.78731,916344293.9104756,0,-0.0181713284687224,0.1391880377066359,0.030903214280635,62.453379405270304,1309.841391264163,64023.4195,64910.041,52502.8806,70252.86937039261,57793.96962960738,84.47524906969878,-0.013994914206095221,1
2024-05-23,69166.62,70096.12,66312.16,69166.62,27673.18026,2024-05-23 23:59:59.999,2766790260.7886024,1827855,19791.15119,1351640092.581366,0,-0.0139949142060952,0.0447104136300815,0.0306555462312269,59.649486785173494,1442.503985350144,64528.72000000001,64984.0936,52673.40335,70705.23503329471,58352.20496670531,76.14985905555343,-0.017305602037514634,1
2024-05-24,67969.66,69250.0,66600.12,67969.65,40513.17374,2024-05-24 23:59:59.999,1906438696.7156012,1165907,14344.29889,973457354.6957756,0,-0.0173056020375146,0.0419166275390237,0.0308206613173608,56.32888426225662,1434.518337008958,64783.102,65024.221,52838.1922,71085.1783433157,58481.025656684295,65.9990603703565,0.008538222574340226,1
2024-05-25,68549.99,69610.0,68500.0,68549.99,28095.83664,2024-05-25 23:59:59.999,837339788.9838961,703803,5851.95991,403954862.6694792,0,0.0085382225743402,0.0227678145142038,0.0301967135632837,57.562400622100895,1458.2089163768687,65015.9995,65025.465,53005.7117,71510.48115739918,58521.51784260082,70.16153102486886,0.010803502670095222,1
2024-05-26,69290.56,69562.23,68128.01,69290.57,12130.39418,2024-05-26 23:59:59.999,818914878.9908898,722849,5934.62083,409411078.5460924,0,0.0108035026700952,0.0354982126631917,0.0302340239499615,59.14815689752169,1519.229753016945,65279.928,65054.864,53175.16895000001,72014.35051262418,58545.50548737583,76.35297739466978,-0.011298795781301996,1
2024-05-27,68507.67,70687.56,68250.0,68507.67,11872.11797,2024-05-27 23:59:59.999,1604722197.8374028,1219341,11709.62174,812172288.2576373,0,-0.0112987957813019,0.0337034080177132,0.0302341297101069,56.734626210425304,1487.2713799797784,65547.052,65047.0974,53339.5837,72348.24792241094,58745.85607758905,69.08820200555841,0.01355702215532939,1
2024-05-28,69436.43,69591.81,67277.91,69436.43,23136.92737,2024-05-28 23:59:59.999,2224860225.799223,1459351,15543.09776,1059920452.3146172,0,0.0135570221553293,-0.0281355507090468,0.0302599636239218,58.87832751303107,1519.3729238397937,65903.26950000001,65048.6182,53503.2604,72735.62969417992,59070.909305820096,76.5363968834179,-0.014949501292044975,1
2024-05-29,68398.4,68935.68,67124.65,68398.39,32622.97042,2024-05-29 23:59:59.999,1573095221.6483984,1221044,11748.55954,797928379.366918,0,-0.0149495012920449,-0.0249464206850795,0.0304059072086822,55.56459654449316,1444.402305224823,66263.5375,64984.185999999994,53658.7442,72818.6750064258,59708.39999357422,66.40930697694925,-0.010906250863507161,1
2024-05-30,67652.41,69500.0,67128.0,67652.42,23159.83149,2024-05-30 23:59:59.999,1945001081.5215864,1272851,14074.36655,961595245.1787834,0,-0.0109062508635071,-0.0218920629633195,0.0304644876001642,53.24540881828782,1309.6966375894408,66492.458,64954.3144,53811.3563,72904.27452357419,60080.64147642581,41.34429105383102,0.01034331070492378,1
2024-05-31,68352.17,69044.1,66670.0,68352.17,28478.2184,2024-05-31 23:59:59.999,1812659052.2496767,1177860,13258.10182,900414200.116177,0,0.0103433107049237,0.0056278059398571,0.0288359898948413,55.13702088776018,1245.0532041133993,66870.06700000001,64908.7362,53967.7965,72765.14157652904,60974.99242347097,47.2278403287247,-0.011881992919902995,1
2024-06-01,67540.01,67900.0,67428.44,67540.01,26690.32184,2024-06-01 23:59:59.999,598305207.9932046,638484,4235.27045,286752060.4028929,0,-0.0118819929199029,-0.0147334813615583,0.0278900549345842,52.48296800554993,1115.43030661378,67205.768,64859.411799999994,54123.1819,72410.06574181867,62001.47025818132,27.48821823824878,0.0033586018124664996,1
2024-06-02,67766.84,68460.0,67257.47,67766.85,8837.66133,2024-06-02 23:59:59.999,1046827665.3829312,812348,7760.23377,526768921.12622225,0,0.0033586018124664,-0.0219902939173397,0.0278631918756541,53.161133020807114,1019.2579475287494,67519.911,64872.418399999995,54284.2602,72014.92886354525,63024.89313645474,31.193694613468463,-1.8002902599123516e-05,1
2024-06-03,67765.62,70288.0,67612.48,67765.63,15426.32529,2024-06-03 23:59:59.999,2047757076.2268355,1253789,15308.67275,1058024704.3533732,0,-1.8002902599123516e-05,-0.0108314879195277,0.0254816857797774,53.15673892743424,932.1964360230486,67761.1885,64949.2408,54433.79735,71734.78025472845,63787.59674527155,28.812456810544333,0.015410024226145236,1
2024-06-04,68809.89,71063.45,68567.32,68809.9,29633.374,2024-06-04 23:59:59.999,2069902136.99324,1254515,14922.96734,1043071241.6284808,0,0.0154100242261452,-0.0090230733348474,0.0254702565169207,56.47316127871018,936.6661186208948,68122.809,65012.20199999999,54597.029299999995,70922.57463723302,65323.04336276698,44.076416486083815,0.025111793506457758,2
2024-06-05,70537.83,71758.0,70383.66,70537.84,29619.78489,2024-06-05 23:59:59.999,2040073765.8676395,1055115,14210.23392,1010053925.7910814,0,0.0251117935064577,0.0312792450231649,0.02579306663679,61.34934549476752,1067.3351164554188,68339.376,65154.559,54766.6489,71182.45698213378,65496.29501786623,88.93753064957093,0.00808303741651284,1
2024-06-06,71108.0,71700.0,70117.64,71108.0,28703.18082,2024-06-06 23:59:59.999,1551467659.1542966,900226,10287.3911,730849194.230399,0,0.0080830374165128,0.0510784388792004,0.0256076986032935,62.82906446250678,1203.0305977621902,68633.01550000001,65300.851200000005,54939.348399999995,71343.01537208371,65923.0156279163,88.06428393048638,-0.004344658828823844,1
2024-06-07,70799.06,71997.02,68420.0,70799.06,21842.00449,2024-06-07 23:59:59.999,2507250591.3329782,1516415,17318.78051,1220810920.3444333,0,-0.0043446588288238,0.0357982782404713,0.0254425620181165,61.45613040203289,1270.9901845665008,68821.76849999999,65491.285,55106.54439999999,71582.59303372278,66060.9439662772,81.40825300317182,-0.020388123797123736,0
2024-06-08,69355.6,69582.2,69168.02,69355.6,35598.45045,2024-06-08 23:59:59.999,678267390.5310388,714103,4772.23036,331182466.90034246,0,-0.0203881237971237,0.0268816957533766,0.0255204857140829,55.368261793040105,1194.6028501873516,68943.7885,65608.99539999999,55266.0785,71569.16297032715,66318.41402967284,50.4146783755271,-0.0006508486697541782,1
2024-06-09,69310.46,69857.14,69130.24,69310.46,9773.82967,2024-06-09 23:59:59.999,687344656.0725566,575583,4883.69296,339405376.0815447,0,-0.0006508486697541,0.0227782462959396,0.0250462447325786,55.184160861112105,1117.540604161666,69095.611,65718.8444,55433.92255,71419.77471484251,66771.4472851575,49.56730029172041,0.004871991904252138,1
2024-06-10,69648.15,70195.94,69172.29,69648.14,9890.56709,2024-06-10 23:59:59.999,1192466549.969123,936731,8412.00246,585909223.775813,0,0.0048719919042521,0.027779716649871,0.0239095888059905,56.353323017332926,1071.3661310171883,69005.687,65812.9954,55595.12155,71085.3505943918,66926.02340560821,55.90630408746348,-0.0015526617078359672,1
2024-06-11,69540.0,69590.01,66051.0,69540.0,17122.66941,2024-06-11 23:59:59.999,2793799020.4691243,1782415,19839.8232,1337254654.9989924,0,-0.0015526617078359,0.0106103918186191,0.023924825395278,55.85082022212016,1014.3536961488136,68975.27,65904.9724,55756.350150000006,71004.37492360415,66946.16507639586,53.8762760417644,-0.032006902502156986,0
2024-06-12,67314.23,69999.0,66905.0,67314.24,41436.01588,2024-06-12 23:59:59.999,2550285139.184372,1670745,18975.89081,1302069589.6416817,0,-0.0320069025021569,-0.0457002936296319,0.0248109261815864,46.63369600906986,780.5727435180597,68882.651,65914.8708,55904.3535,71033.79833154906,66731.50366845094,21.245135401495528,0.014109198885703833,1
2024-06-13,68263.98,68449.3,66251.78,68263.99,37175.32356,2024-06-13 23:59:59.999,1958897960.9172916,1518202,13886.14007,935614189.6986812,0,0.0141091988857038,-0.0399956404342689,0.0246005894437825,50.39555193595653,664.2791453769314,68897.368,65951.8706,56056.770099999994,71027.25123695422,66767.48476304578,37.21800464848762,-0.021841383722223218,0
2024-06-14,66773.01,67370.24,65078.0,66773.01,29079.55571,2024-06-14 23:59:59.999,1884451554.428285,1736314,13619.40861,903708200.7849748,0,-0.0218413837222232,-0.0568658679931626,0.0246072589959174,45.029229676404945,446.6572192506719,68808.519,66001.539,56203.398,71128.70673191108,66488.33126808892,12.1427442221855,-0.010917884336799966,1
2024-06-15,66043.99,66478.48,65857.1,66043.99,28408.18797,2024-06-15 23:59:59.999,758175888.0283372,700886,5495.02083,363796116.4535752,0,-0.0109178843367999,-0.0477482712282786,0.020590883061332,42.63845674845975,212.9101578212576,68646.19,66032.45199999999,56347.404449999995,71246.17418829705,66046.20581170295,13.961370251856543,0.0027899586321176173,1
2024-06-16,66228.25,66998.7,66034.5,66228.25,11451.80242,2024-06-16 23:59:59.999,624653672.6138575,703295,4750.05166,315940653.99261206,0,0.0027899586321176,-0.0444696226226172,0.0204043692382311,43.45562136850745,42.04747256662813,68532.21900000001,66081.6168,56489.45135,71338.1786281256,65726.25937187442,16.624464158218927,0.006773846508098869,1
2024-06-17,66676.86,67298.81,65130.0,66676.87,9392.52223,2024-06-17 23:59:59.999,1812061226.7565656,1542620,13716.89431,907703353.5304952,0,0.0067738465080988,-0.0426611536216187,0.0198116274697981,45.49165059030787,-56.511126679208246,68394.24100000001,66145.9146,56633.5625,71279.06373226465,65509.418267735375,23.108330370485913,-0.002587703951910103,1
2024-06-18,66504.33,66588.23,64060.0,66504.33,27386.16851,2024-06-18 23:59:59.999,2755141806.03109,2151711,20076.41361,1305946733.5892808,0,-0.0025877039519101,-0.0436535806729939,0.0198151548484937,44.8231636563477,-146.8492756418418,68299.538,66213.6288,56777.46435,71299.65080429567,65299.42519570433,20.614624614468536,-0.019983811580388866,1
2024-06-19,65175.32,65727.54,64666.0,65175.32,42350.10244,2024-06-19 23:59:59.999,1307731953.9545317,1078458,10289.7818,670875724.3137285,0,-0.0199838115803888,-0.0317751489135137,0.0200775083790669,39.95309788959039,-321.97142339727725,68175.683,66239.8152,56909.92835,71463.19146014408,64888.17453985593,14.052125356871963,-0.0030832222994838787,1
2024-06-20,64974.37,66482.94,64559.15,64974.37,20060.79576,2024-06-20 23:59:59.999,1584896152.16637,1282687,11828.87934,772646071.2169964,0,-0.0030832222994838,-0.0481896824372557,0.0135558255333772,39.25853613318826,-471.5363947339065,68006.79299999999,66325.8626,57037.548449999995,71575.69591261599,64437.890087384,11.52031870903692,-0.0016064796011104887,1
2024-06-21,64869.99,65066.66,63379.35,64869.99,24265.29031,2024-06-21 23:59:59.999,1665541539.708616,1362617,12543.2596,803462610.6919086,0,-0.0016064796011104,-0.0284998384826443,0.0132535403170326,38.880437147784434,-591.6699033909827,67873.292,66455.963,57162.0371,71692.99189266421,64053.59210733579,10.205215559492071,-0.011198244365383747,1
2024-06-22,64143.56,64546.81,63943.82,64143.56,25993.56442,2024-06-22 23:59:59.999,470027247.3402083,562832,3756.29045,241583895.4543618,0,-0.0111982443653837,-0.0287752148227266,0.0131796672436278,36.2628873464493,-736.9977531548939,67692.1275,66557.62199999999,57272.7994,71844.08356242046,63540.17143757954,11.211030735308984,0.0018466390078755168,1
2024-06-23,64262.01,64521.0,63178.32,64262.01,7308.95542,2024-06-23 23:59:59.999,526848525.0029452,592759,3974.67964,254685735.53387728,0,0.0018466390078755,-0.0296888412422191,0.0128948270803598,37.00758171971109,-833.0107664667448,67516.94649999999,66585.22200000001,57373.74285,71929.20740598527,63104.68559401471,12.94870309054825,-0.016370480786393027,1
2024-06-24,63210.01,63369.8,58402.0,63210.01,8224.45447,2024-06-24 23:59:59.999,3180853460.924751,2190787,24495.59428,1493633137.5266545,0,-0.016370480786393,-0.0519949421741001,0.0130084735818084,33.28765606357574,-982.6618650276796,67236.952,66571.5814,57470.979450000006,71983.53532642957,62490.36867357045,0.4515776003830689,-0.04614316624851034,0
2024-06-25,60293.3,62420.0,60257.06,60293.3,52161.35414,2024-06-25 23:59:59.999,1914901308.84587,1277481,15360.08458,943071608.5109416,0,-0.0461431662485103,-0.0933928662990816,0.0149869397870796,25.603378762099027,-1321.383473700473,66724.725,66497.2074,57556.08024999999,72104.70971915443,61344.74028084557,16.308528067603717,0.025089189014368074,2
2024-06-26,61806.01,62487.81,60712.0,61806.01,31189.24361,2024-06-26 23:59:59.999,1381716993.355492,1112152,11435.02653,702676210.4365481,0,0.025089189014368,-0.0516961021441858,0.0158657670951666,34.100105361100276,-1451.033127518749,66259.6255,66470.0238,57644.25535,71651.75837149475,60867.49262850524,29.35250495817886,-0.015225380185519222,1
2024-06-27,60864.98,62389.22,60606.63,60864.99,22485.66463,2024-06-27 23:59:59.999,1126705164.782892,1062176,9298.265,570914131.0571834,0,-0.0152253801855192,-0.0632461692202633,0.0156802415741396,31.676491829471516,-1611.141624071308,65762.922,66441.082,57730.012299999995,71220.70220405911,60305.14179594091,24.513949021130028,0.013825353458531753,1
2024-06-28,61706.46,62225.31,60063.0,61706.47,18344.28631,2024-06-28 23:59:59.999,1519872032.026636,1479626,12661.53908,775499790.7912346,0,0.0138253534585317,-0.0487670801244149,0.0158827348268783,36.053280196684746,-1651.095555853848,65380.465500000006,66451.35079999999,57819.5971,70849.63055342219,59911.30044657782,36.84636004388821,-0.020721165868020086,0
2024-06-29,60427.84,61224.0,60383.77,60427.84,24821.19255,2024-06-29 23:59:59.999,701345872.4881144,767669,5461.68911,332791254.69089925,0,-0.02072116586802,-0.0579281848403799,0.0161436930265253,32.63252607832116,-1765.581564448672,64936.3345,66398.4274,57915.4693,70498.66184703511,59374.00715296489,22.770408719529776,0.009248055201046546,1
2024-06-30,60986.68,63058.76,60712.21,60986.68,11509.55904,2024-06-30 23:59:59.999,1070250012.5446604,1108912,8224.44601,508208752.0856987,0,0.0092480552010465,-0.0509683715153012,0.0161122101370884,35.512445013866625,-1790.5781630406418,64503.2615,66402.16119999999,58012.940749999994,69876.25029043747,59130.27270956253,29.051761249256767,0.029274097229099905,2
2024-07-01,62772.01,63861.76,62497.2,62772.01,17326.30136,2024-07-01 23:59:59.999,1550980813.6701343,1461508,12388.60654,782785773.8355594,0,0.0292740972290999,-0.0069292822450115,0.0171098377010024,43.780986722504046,-1647.337456375768,64164.862,66441.0816,58112.45565,69057.37168967255,59272.35231032745,49.11884147239295,0.002038806786655245,1
2024-07-02,62900.0,63288.83,61806.28,62899.99,24547.10538,2024-07-02 23:59:59.999,1160792332.6175597,1308816,9453.17931,590763216.5799825,0,0.0020388067866552,0.0432334936054255,0.0170964914638868,44.33200609481065,-1506.129524300719,63944.1495,66469.4016,58211.8443,68642.87899964296,59245.42000035705,54.9458053340793,-0.01215453293394797,1
2024-07-03,62135.46,62285.94,59400.0,62135.47,18573.11875,2024-07-03 23:59:59.999,1945901232.9066572,1839372,15055.45492,910631739.6738484,0,-0.0121545329339479,0.0053305495695321,0.0171830509094127,41.70248298873626,-1439.320010289768,63637.7235,66453.3094,58312.82015,67953.33831767859,59322.108682321414,46.200937019703154,-0.031011111688702075,0
2024-07-04,60208.57,60498.19,56771.0,60208.58,32160.11127,2024-07-04 23:59:59.999,3168619756.2436485,2523236,24982.98822,1450509608.6804216,0,-0.031011111688702,-0.0107846891948885,0.0175775500152623,35.91960631815054,-1524.2858895086538,63309.502,66425.9312,58402.4729,67619.88650531041,58999.117494689584,22.356062537279097,-0.05246046327616427,0
2024-07-05,57050.02,57546.0,53485.93,57050.01,54568.77276,2024-07-05 23:59:59.999,4515040083.536515,3749255,37926.65162,2104682004.516682,0,-0.0524604632761642,-0.0754614548523031,0.0187684167091375,28.855870303791647,-1825.44951693646,62859.803,66242.8014,58480.8497,67770.12487503022,57949.48112496978,3.363324919295173,-0.007383346646214428,1
2024-07-06,56628.79,58475.0,56018.0,56628.79,81348.24756,2024-07-06 23:59:59.999,1235398733.4357028,1411065,11083.50401,632724011.5474728,0,-0.0073833466462144,-0.062869200686306,0.0185545262247585,28.0632875827354,-2074.202677833615,62379.829999999994,66070.673,58550.70465000001,67735.72228386423,57023.93771613576,28.41419489226898,0.02827784241902398,2
2024-07-07,58230.13,58449.46,55724.37,58230.13,21651.31558,2024-07-07 23:59:59.999,1094135752.4528687,1289229,9081.66872,519830378.935563,0,0.0282778424190239,-0.0451992139923013,0.019662172350566,35.33503403595783,-2117.7148958831312,61957.493,65894.7956,58630.47535,67222.77546685404,56692.21053314596,42.992024518195144,-0.040740420809639244,0
2024-07-08,55857.81,58236.73,54260.16,55857.81,19118.93918,2024-07-08 23:59:59.999,2699942701.375511,2554389,23963.90684,1346497811.2117922,0,-0.0407404208096392,-0.110147819067766,0.0204981893212189,30.42783575601051,-2316.9170622081656,61425.167,65673.64779999999,58691.41975000001,66892.9084691846,55957.42553081542,22.85966520268737,0.015339126256471713,1
2024-07-09,56714.61,58296.0,56289.45,56714.62,48090.2049,2024-07-09 23:59:59.999,1592351321.655387,1757693,14143.25001,812249336.7493434,0,0.0153391262564717,-0.0983365816115391,0.0208729822451003,33.993268590333855,-2378.2340066256875,61002.132,65482.46,58755.68385,66552.40077115883,55451.86322884117,31.117414221320143,0.023545604290392763,2
2024-07-10,58050.0,59470.0,57157.79,58050.0,27732.20788,2024-07-10 23:59:59.999,1452293495.6501489,1766696,12423.53162,723209557.6496755,0,0.0235456042903927,-0.0657510114593162,0.0214915306993516,39.221244454720654,-2292.645925965626,60655.9135,65214.5276,58826.08864999999,66033.02203121713,55278.80496878287,43.98751714320685,-0.005583979328165345,1
2024-07-11,57725.85,59650.0,57050.0,57725.85,24951.73799,2024-07-11 23:59:59.999,1728929618.0583844,2157661,15019.30135,872986677.1195273,0,-0.0055839793281653,-0.0412354850421651,0.0214764768571413,38.425648809125974,-2225.320837973086,60298.70650000001,64966.0778,58896.2071,65453.14876530168,55144.264234698334,40.86342972080303,-0.0066860860429079905,1
2024-07-12,57339.89,58526.68,56542.47,57339.89,29761.05735,2024-07-12 23:59:59.999,1360201319.0761504,1749738,11488.82545,661028735.6644312,0,-0.0066860860429079,0.0050811559892802,0.0209076391718083,37.451508971982896,-2178.0023121900667,59958.523,64729.5432,58967.94905,64948.48443677297,54968.561563227035,37.143630919165005,0.009578148824491928,1
2024-07-13,57889.09,59850.0,57756.63,57889.1,23652.4569,2024-07-13 23:59:59.999,900429281.1482327,1114391,7889.36244,462600767.8610776,0,0.0095781488244919,0.0222556406379157,0.0207799296540383,39.7905901130695,-2072.2972300274123,59639.8775,64527.9322,59039.5139,64292.41203082859,54987.34296917141,42.43679782725813,0.02271446610847283,2
2024-07-14,59204.01,61420.69,59194.01,59204.02,15357.74519,2024-07-14 23:59:59.999,1273562988.611176,1456088,10479.46025,630300143.2598463,0,0.0227144661084728,0.0167248467417124,0.0211436969392864,45.08552767827076,-1860.9700319794429,59439.578,64341.0128,59122.98935,63795.54208849999,55083.61391150001,55.10971170499127,0.026921989418961845,2
2024-07-15,60797.91,64900.0,60632.3,60797.91,21178.33907,2024-07-15 23:59:59.999,2435540879.0289335,2600425,19076.54212,1201411783.666604,0,0.0269219894189618,0.0884406316681589,0.0218212561791915,50.740496340678,-1547.0447339990642,59464.8085,64171.1596,59209.83465,63846.03227214044,55083.58472785956,70.47127796041379,0.06457837119729937,2
2024-07-16,64724.06,65388.97,62373.24,64724.14,38690.9782,2024-07-16 23:59:59.999,2725231969.2884507,2484783,21595.04799,1384337933.3310027,0,0.0645783711972993,0.1412249610417912,0.0250213012118974,61.30980117817805,-970.258193028698,59610.71499999999,64095.489,59320.63655,64463.12013428726,54758.30986571272,98.45927000622916,0.0049417419837483045,1
2024-07-17,65044.0,66128.63,63854.0,65043.99,42530.52915,2024-07-17 23:59:59.999,1922412273.0882096,1868671,14616.17013,950725865.5856608,0,0.0049417419837483,0.1204821705426355,0.0250052598289966,62.02464882568295,-481.7877328037211,59819.66499999999,64007.640199999994,59435.52175,65201.174961642486,54438.1550383575,97.10174879694596,-0.014697745325894074,1
2024-07-18,64087.99,65133.3,63238.48,64087.99,29567.52954,2024-07-18 23:59:59.999,1449872437.6497972,1696742,11288.35191,725073622.7056739,0,-0.014697745325894,0.1102130154861296,0.0251371240553451,58.54300937469534,-169.85460604280524,59938.741,63921.43220000001,59545.2603,65581.04958174855,54296.432418251454,83.85914401195943,-0.001561447004345129,1
2024-07-19,63987.92,67386.0,63300.67,63987.92,22568.7225,2024-07-19 23:59:59.999,2331517674.368659,2184889,17971.06949,1176753281.038326,0,-0.0015614470043451,0.1159407525895148,0.0248792446767214,58.174892470667594,68.4903178415916,60116.74500000001,63848.142199999995,59653.782,66027.7712208907,54205.71877910933,83.06762004951469,0.041759132036171875,2
2024-07-20,66660.01,67598.0,66222.46,66660.0,35634.72739,2024-07-20 23:59:59.999,961878801.8482212,995093,6868.63454,459313955.25348914,0,0.0417591320361718,0.1515121154068728,0.0260276664883571,64.57953900748083,467.604656294141,60400.411,63814.2988,59766.18425,66960.124805037,53840.697194962995,94.4689254173447,0.007200120012001321,1
2024-07-21,67139.97,68366.66,65777.0,67139.96,14386.92434,2024-07-21 23:59:59.999,1465757867.9747431,1322942,11412.05459,766856991.8425378,0,0.0072001200120013,0.1340439382325728,0.0260447990499365,65.59854145733354,813.259654725116,60618.8085,63806.2978,59877.1495,67746.112556464,53491.50444353601,96.56586073907025,0.015272276003738927,1
2024-07-22,68165.35,68474.55,66559.97,68165.34,21819.11191,2024-07-22 23:59:59.999,1448418369.8467095,1558140,10263.9504,693063991.1191068,0,0.0152722760037389,0.1211790010544768,0.0260490441105465,67.73418210553679,1156.6007542966836,60882.076,63814.2676,60003.75005,68684.03048179319,53080.1215182068,98.57285648459924,-0.009291085469536275,1
2024-07-23,67532.0,67750.98,65441.08,67532.01,21451.04303,2024-07-23 23:59:59.999,2088544473.3235075,1772089,15168.84798,1008794779.0389912,0,-0.0092910854695362,0.0433821136905023,0.0261357938922316,65.04812045678509,1361.8975046242997,61151.903000000006,63809.5952,60120.6546,69465.10890586332,52838.69709413669,92.26481522515196,-0.023633237038257815,0
2024-07-24,65936.0,67102.01,65111.0,65936.01,31406.15316,2024-07-24 23:59:59.999,1526490826.466997,1391053,10827.75551,716084205.2016414,0,-0.0236332370382578,0.0137141033322216,0.0263444921056775,58.72779700004219,1379.9060981331204,61438.2745,63752.1174,60229.6091,69992.85936370061,52883.68963629939,78.72508397530012,-0.00849323457697837,1
2024-07-25,65376.01,66175.49,63456.7,65376.0,23082.56277,2024-07-25 23:59:59.999,2266419771.224864,1830360,16579.45258,1070150879.3639548,0,-0.0084932345769783,0.0200975252929604,0.0248383238192532,56.64792717501983,1333.616807028826,61854.574,63648.8806,60336.6475,70324.3711908265,53384.7768091735,74.03176981716513,0.006484795643661334,1
2024-07-26,65799.95,68200.0,65722.63,65799.95,35126.42934,2024-07-26 23:59:59.999,1630839588.6966548,1406982,12444.52129,837159298.5663502,0,0.0064847956436613,0.0283183138317357,0.0244976799662349,57.86451640589522,1315.9717293029098,62313.132000000005,63542.7196,60446.00215,70592.49171978634,54033.77228021368,77.5847966155104,0.0320371064111753,2
2024-07-27,67908.0,69399.99,66650.0,67907.99,24244.36023,2024-07-27 23:59:59.999,2162335067.0234175,1690591,15838.9282,1080427116.1916444,0,0.0320371064111753,0.0187217221722173,0.0248438060758987,63.36916731625229,1455.3131444258834,62797.025,63484.8982,60550.78689999999,71195.6852365768,54398.36476342321,94.71389971188442,-0.00016919953012906053,1
2024-07-28,67896.49,68318.43,67066.66,67896.5,31710.21921,2024-07-28 23:59:59.999,736755676.1377451,821210,5403.48694,366295409.63502705,0,-0.000169199530129,0.0112681032279433,0.0247833748829007,63.32061021461745,1546.982422434754,63398.9595,63455.716199999995,60659.719399999994,71440.01548116161,55357.903518838386,85.26853864107116,0.005204686544961978,1
2024-07-29,68249.88,70079.99,66428.0,68249.88,10868.69394,2024-07-29 23:59:59.999,2499265962.091455,1952812,18196.23316,1248743452.5576787,0,0.0052046865449619,0.0012402197363059,0.02435848597356,64.22847023135438,1629.3635100777756,63975.7225,63434.5046,60767.69885000001,71663.25566016982,56288.18933983017,86.88240574199133,-0.02146802309396001,0
2024-07-30,66784.68,67000.0,65302.67,66784.69,36467.29633,2024-07-30 23:59:59.999,1533270724.799421,1622083,11096.82554,735708436.0236868,0,-0.02146802309396,-0.0110661595886156,0.0247873527364425,57.83649058409498,1558.457598572124,64412.45700000001,63377.23560000001,60869.9265,71685.03840198924,57139.87559801079,57.24137931034483,-0.008934532749946156,1
2024-07-31,66188.0,66849.24,64530.0,66188.0,23132.25441,2024-07-31 23:59:59.999,1489443332.5960116,1609976,10818.48504,712275323.706937,0,-0.0089345327499461,0.0038217356494578,0.0243865883015168,55.417713180471424,1437.5451311694414,64835.5645,63310.19560000001,60986.95285,71458.45875982435,58212.670240175656,43.11211998520788,-0.023569227050220576,0
2024-08-01,64628.01,65659.78,62302.0,64628.0,22625.43905,2024-08-01 23:59:59.999,2270877792.65868,2397257,16886.93292,1079221072.7580278,0,-0.0235692270502205,-0.011441507586882,0.0248312687439359,49.57978038983054,1201.9864158976052,65199.97000000001,63256.4708,61095.8529,70865.9343720584,59534.00562794161,20.310136212619675,0.011233830537847433,1
2024-08-02,65354.02,65596.14,61230.01,65354.02,35542.26854,2024-08-02 23:59:59.999,2469588785.698158,2457735,18202.35794,1158565579.090291,0,0.0112338305378474,-0.0067770568214717,0.0247645728725439,52.10837237424294,1061.6501413581643,65573.21599999999,63198.271400000005,61213.96125,70140.58769589807,61005.844304101905,39.23918647362615,-0.05899698289408972,0
2024-08-03,61498.34,62198.22,59850.0,61498.33,38820.42937,2024-08-03 23:59:59.999,1711555901.18011,1669555,12947.95791,790701622.6375737,0,-0.0589969828940897,-0.094387420390443,0.026515396581723,40.49385110860124,632.0250813473904,65687.93149999999,63092.7778,61308.8974,69689.91266812733,61685.95033187266,3.0318712584661163,-0.013014011925201907,1
2024-08-04,60697.99,61117.63,57122.77,60697.99,28034.71567,2024-08-04 23:59:59.999,1874490041.5437353,1886195,14556.6247,863334319.9678984,0,-0.0130140119252019,-0.106021812611843,0.0246853932373055,38.571985996121654,224.37689950023923,65682.93549999999,62985.857800000005,61396.6976,69709.49663955491,61656.374360445065,8.289255414716902,-0.04179693594466638,0
2024-08-05,58161.0,58305.59,49000.0,58161.0,31616.52003,2024-08-05 23:59:59.999,8580928177.429901,7568497,77363.26323,4097736999.067923,0,-0.0417969359446663,-0.147822677490422,0.0259224767326959,33.193971654187166,-299.9435495196158,65354.7785,62824.5128,61473.6221,70542.69634004393,60166.86065995608,8.012752735540513,-0.07121937380719046,0
2024-08-06,54018.82,57040.99,53950.0,54018.81,162065.59186,2024-08-06 23:59:59.999,3119018848.329888,3433824,27934.19288,1559417942.6490836,0,-0.0712193738071904,-0.19114979795519,0.0285703251457414,26.658443519416466,-1037.7488751104463,64803.51950000001,62571.3516,61537.07865,71971.53624404952,57635.502755950496,23.80840787875135,0.03708337891930613,2
2024-08-07,56022.0,57736.05,54558.62,56022.01,55884.77676,2024-08-07 23:59:59.999,2490553853.602583,2397504,21897.14983,1232415104.4472857,0,0.0370833789193061,-0.1535926451924819,0.0284739688151538,33.47956137072167,-1444.1758524239413,64400.2205,62361.7052,61608.89355000001,72527.36323505851,56273.07776494148,33.311258686555355,-0.01584823536320812,1
2024-08-08,55133.76,62745.14,54730.0,55134.16,44269.37684,2024-08-08 23:59:59.999,2836312292.4318185,2603042,25676.29533,1508140014.000517,0,-0.0158482353632081,-0.1468997957541622,0.0284825569250619,32.05650666691585,-1816.969343453893,63957.532499999994,62160.882000000005,61676.08415,73035.22689186572,54879.83810813426,29.09944454432854,0.11883431252058596,2
2024-08-09,61686.0,61744.37,59535.0,61685.99,48349.52949,2024-08-09 23:59:59.999,1878350555.5122633,1827809,15023.05073,911225295.6263436,0,0.1188343125205859,-0.0561255451462664,0.0356685848165594,49.21221968328972,-1565.6847071559532,63708.831999999995,62095.114400000006,61776.61245,72749.2104580879,54668.4535419121,60.18024676482292,-0.013747043696631933,1
2024-08-10,60837.99,61470.58,60242.0,60837.99,30972.48017,2024-08-10 23:59:59.999,607372221.2460399,800499,4893.63854,297435046.0025079,0,-0.0137470436966319,-0.0107375273442384,0.0357644096489711,47.53908971895704,-1418.6134427384095,63393.733499999995,62014.47439999999,61882.96230000001,72372.88230676152,54414.584693238474,56.157474458004934,0.0014057006156844576,1
2024-08-11,60923.51,61858.0,58286.73,60923.51,9995.20621,2024-08-11 23:59:59.999,1152081498.1567774,1319469,9094.74521,546165456.9550736,0,0.0014057006156844,0.0037154442840694,0.035724345816159,47.73208576704375,-1280.3980254000126,63031.64199999999,61950.07340000001,61988.09185,71793.34431098386,54269.93968901613,56.56316725007934,-0.03629009556409346,0
2024-08-12,58712.59,60711.09,57642.21,58712.59,19189.84512,2024-08-12 23:59:59.999,2186851067.316586,2293837,18279.26596,1080368631.1427846,0,-0.0362900955640934,0.0094838465638484,0.0363918941526223,43.2973853697626,-1333.887849133178,62590.670999999995,61839.085,62081.2304,71289.50915825953,53891.832841740455,46.07492698051562,0.0107992169992841,1
2024-08-13,59346.64,61578.1,58392.88,59346.64,37009.91743,2024-08-13 23:59:59.999,1668247896.8477187,1713485,13647.22341,817397824.2293857,0,0.0107992169992841,0.0986291626935136,0.0362124190904405,44.879019289548104,-1310.015342381288,62261.20249999999,61761.81760000001,62178.15815,70927.34790349002,53595.05709650996,57.48133333333333,0.02090278404977952,2
2024-08-14,60587.16,61800.0,58433.18,60587.15,27858.95851,2024-08-14 23:59:59.999,1705464263.505865,1729342,13263.8962,796386901.3641167,0,0.0209027840497795,0.0814883293191373,0.0360785551872726,47.938721499966015,-1177.4247990015283,62021.759999999995,61767.6946,62271.97635,70594.55668326249,53448.9633167375,64.91676956553891,-0.031421844400999266,0
2024-08-15,58683.39,59849.38,56078.54,58683.39,28422.76326,2024-08-15 23:59:59.999,2194915865.052229,2507858,17255.22311,1005337423.726424,0,-0.0314218444009992,0.0643744277594868,0.0344183252984693,43.91038211745664,-1211.9922673051187,61665.93199999999,61705.24220000001,62354.79014999999,70172.42291143819,53159.4410885618,58.12435698430592,-0.019465985179111134,1
2024-08-16,57541.05,59817.76,57098.62,57541.06,37686.17622,2024-08-16 23:59:59.999,1614654900.3332715,1999539,13963.51824,816740633.5454463,0,-0.0194659851791111,-0.067194025742312,0.03451979323086,41.64883060191251,-1316.3892038129998,61147.5855,61638.76359999999,62432.34015,69326.57757961078,52968.593420389225,51.464135636358805,0.023175450712934476,2
2024-08-17,58874.59,59700.0,58785.05,58874.6,27610.84344,2024-08-17 23:59:59.999,457737705.7722839,807159,3871.6531,229477473.80983913,0,0.0231754507129344,-0.0322724337211008,0.0347881556236589,45.19729468894336,-1276.8008298084897,60696.4905,61582.1262,62510.199649999995,68312.63702388044,53080.34397611957,71.84066513691384,0.010486525598475405,1
2024-08-18,59491.99,60284.99,58408.92,59491.99,7721.72931,2024-08-18 23:59:59.999,813166580.7264851,1099730,6660.58254,397459480.87198234,0,0.0104865255984754,-0.0234970046866965,0.0348658444442496,46.81001460209207,-1181.9833763313582,60258.596000000005,61563.4092,62592.9541,67049.62737997854,53467.56462002147,76.33236183843889,-0.017895518371464747,1
2024-08-19,58427.35,59617.63,57787.3,58427.35,13634.85717,2024-08-19 23:59:59.999,1336287900.197634,1636295,11350.30776,665066212.7595356,0,-0.0178955183714647,-0.0048582424996069,0.0339829300191135,44.38443507170329,-1179.1548486631582,59840.72899999999,61512.22260000001,62672.19085,65970.35930599997,53711.098694000015,68.58678776643963,0.017306107499313272,1
2024-08-20,59438.5,61400.0,58548.23,59438.5,22809.31251,2024-08-20 23:59:59.999,1890620149.79102,1904519,16041.22019,964180516.15294,0,0.0173061074993132,0.0015478551102472,0.0341458188914705,47.18368900383166,-1082.8395651776664,59503.25399999999,61445.5524,62753.96865,64896.91676197664,54109.59123802335,62.40378208874447,-0.007145200501358473,1
2024-08-21,59013.8,61820.93,58783.47,59013.8,31477.44548,2024-08-21 23:59:59.999,1682529555.0960546,1981525,14156.90984,851829721.3994547,0,-0.0071452005013584,-0.0259683777830777,0.0339656351424104,46.133390668328744,-1028.9180232425642,59222.543999999994,61367.8286,62833.037650000006,64077.61498859055,54367.47301140944,54.42092610779674,0.03630049242719502,2
2024-08-22,61156.03,61400.0,59724.87,61156.03,27983.6422,2024-08-22 23:59:59.999,1288544247.9560175,1718280,10269.33376,623042041.0781735,0,0.036300492427195,0.0421352617836154,0.0347432681253891,51.94418197588456,-804.0560969601574,59012.64450000001,61348.2398,62923.762350000005,63089.91774796571,54935.37125203431,80.17364637423675,-0.012757368324922358,1
2024-08-23,60375.83,64955.0,60342.14,60375.84,21241.20588,2024-08-23 23:59:59.999,2375916932.7935486,2555682,20372.88336,1270318490.0257754,0,-0.0127573683249223,0.0492653420009989,0.0345739450236135,49.83567543122334,-680.956569565562,58956.52,61351.585,63012.72715,62924.83087666248,54988.20912333751,74.35469749769003,0.06064346268308651,2
2024-08-24,64037.24,64494.5,63531.0,64037.24,38118.07089,2024-08-24 23:59:59.999,1015774255.1740764,1551856,7643.02686,489673236.6598002,0,0.0606434626830865,0.0876887486284407,0.0364070309865801,58.37500405921464,-284.67338919013855,59123.482500000006,61491.3296,63119.36985,63617.05400824517,54629.91099175484,89.66074313408723,0.0018703179587378216,1
2024-08-25,64157.02,65000.0,63773.27,64157.01,15857.15616,2024-08-25 23:59:59.999,789935122.9930241,1263065,6315.72233,405555580.86044383,0,0.0018703179587378,0.078414253750799,0.0363881632957521,58.62312987392474,38.603329214427504,59423.28300000001,61641.894,63224.66015,64394.668002854,54451.89799714602,91.0100422916343,0.0009818100937060148,1
2024-08-26,64219.99,64481.0,62800.0,64220.0,12305.47977,2024-08-26 23:59:59.999,1238341818.4320166,2152841,8995.67609,572188217.6295675,0,0.000981810093706,0.0991427815911556,0.0358771504648605,58.76235571053143,296.4677287711165,59933.342500000006,61761.6914,63324.012149999995,64669.80311806835,55196.881881931666,91.25703640435532,-0.021582061663033336,0
2024-08-27,62834.0,63212.0,58034.01,62834.0,19470.05276,2024-08-27 23:59:59.999,2158144642.992993,2995281,15873.1536,975361314.8776592,0,-0.0215820616630333,0.057126273375001,0.0360673949297634,54.42303950170758,384.55558906457736,60273.941999999995,61901.215200000006,63411.7389,64811.90250117904,55735.981498820955,75.72146263055598,-0.05441321577489899,0
2024-08-28,59415.0,60234.98,57860.0,59415.0,35135.94178,2024-08-28 23:59:59.999,2183054412.974087,3664134,17135.91162,1014904733.0685128,0,-0.0544132157748989,0.0067984098634557,0.0372808024388071,45.497573673271944,176.44715380657726,60487.98400000001,61955.2228,63473.15005,64396.16952138625,56579.798478613775,37.398138869646885,-0.006397374400403888,1
2024-08-29,59034.9,61166.99,58713.09,59034.9,36868.54275,2024-08-29 23:59:59.999,1617931684.258576,2743900,13152.3859,787682410.3518869,0,-0.0063973744004038,-0.0346839060678071,0.0371378925562109,44.621430582731946,-18.93292685203778,60355.429500000006,61974.9208,63529.5691,64271.91749751718,56438.941502482834,33.13762545592314,0.0054901422717748005,1
2024-08-30,59359.0,59944.07,57701.1,59359.01,27020.90743,2024-08-30 23:59:59.999,1680918972.4658496,2845696,13783.34749,812769089.2849811,0,0.0054901422717748,-0.0168416704430115,0.0371577958050701,45.58369645905974,-145.9377999965145,60281.480500000005,62007.583999999995,63584.8642,64214.54569817002,56348.41530182999,28.60753438007032,-0.003959297838693754,1
2024-08-31,59123.99,59462.38,58744.0,59123.99,28519.32195,2024-08-31 23:59:59.999,519849184.86904466,895944,4195.93079,247955494.3591592,0,-0.0039592978386937,-0.0767248869564022,0.0369548255277137,44.973448109800934,-262.5279678447987,60191.5045,62043.266,63630.897800000006,64143.98923830022,56239.01976169978,19.494581375275715,-0.0025370412247210927,1
2024-09-01,58974.0,59076.59,57201.0,58973.99,8798.409,2024-09-01 23:59:59.999,1202176847.3910584,2153180,9651.50531,560452387.8985474,0,-0.002537041224721,-0.0807864955053236,0.0368661530356668,44.563389055778266,-362.84758119778417,60204.5745,62064.9638,63677.2698,64139.098994621454,56270.05000537855,17.43947718149309,-0.028353686091105557,0
2024-09-02,57301.77,59425.69,57128.0,57301.86,20705.15741,2024-09-02 23:59:59.999,1333092369.4465685,1966119,11295.25452,657496577.6304803,0,-0.0283536860911055,-0.107725630644659,0.0356594308976249,40.16675399588837,-570.699841446447,60102.3355,62026.920600000005,63704.80325,64222.603903725205,55982.0670962748,1.2932427234260877,0.03194084799341579,2
2024-09-03,59132.12,59809.65,57415.0,59132.13,22895.01461,2024-09-03 23:59:59.999,1335076815.8599248,2208758,10979.79204,642252673.1132113,0,0.0319408479934157,-0.0589150778241079,0.0361115510898444,46.4002897525555,-581.0389075507046,60029.5845,61993.605,63741.063899999994,64164.39907979633,55894.76992020367,25.45896849593493,-0.0278089086254798,0
2024-09-04,57487.74,58519.0,55606.0,57487.73,22828.18447,2024-09-04 23:59:59.999,2027630870.179675,3177549,16861.75483,961923197.778253,0,-0.0278089086254798,-0.0324374316250104,0.0356439312728765,42.15135180989287,-713.6949974323798,59969.8015,61848.8768,63767.882000000005,64213.87413302695,55725.728866973055,4.569740853658577,0.008404750022309004,1
2024-09-05,57970.9,58327.07,55643.65,57970.9,35560.82146,2024-09-05 23:59:59.999,1577770853.1007977,3368058,12955.8897,734996919.3590953,0,0.008404750022309,-0.0180232371021209,0.0330085959239307,43.78036606731333,-770.9510792777655,59991.29349999999,61707.415,63799.5233,64190.06347187608,55792.52352812391,25.174579518841828,-0.030893086013844884,0
2024-09-06,56180.0,57008.0,52550.0,56180.0,27806.91413,2024-09-06 23:59:59.999,2988914918.9243345,5287281,25325.18849,1390546230.8810933,0,-0.0308930860138448,-0.0535556438693974,0.0329117820677709,39.35647959429487,-949.8878832389382,59856.56349999999,61549.25519999999,63819.73495,64352.43397624465,55360.69302375533,6.110283159463488,-0.03946297614809535,0
2024-09-07,53962.97,54850.0,53745.54,53962.97,54447.76826,2024-09-07 23:59:59.999,905693342.5898322,1920923,8023.90683,435381439.0095956,0,-0.0394629761480953,-0.087291470010735,0.0335940914923509,34.68408281244494,-1256.112696789838,59580.1125,61348.7562,63830.67615,64759.63533698339,54400.58966301661,11.349156626506034,0.0036671443399056702,1
2024-09-08,54160.86,55318.0,53629.01,54160.86,16694.04774,2024-09-08 23:59:59.999,885743172.9184759,1796092,8031.76084,437221897.1104152,0,0.0036671443399056,-0.0816144541008671,0.0250070025534545,35.421055472095915,-1465.9316510329736,59366.788,61098.7734,63840.18635,65045.98818181272,53687.58781818728,12.938634538152614,0.013092295801802267,1
2024-09-09,54869.95,58088.0,54591.96,54869.95,16274.14779,2024-09-09 23:59:59.999,1809715390.0493295,3355912,16412.83148,917669512.2220292,0,0.0130922958018022,-0.0424403326523782,0.0251270137516852,38.1155426992429,-1557.048362750145,59138.360499999995,60853.3732,63855.28915,65145.679377131186,53131.041622868805,19.44472382868156,0.03958541970605056,2
2024-09-10,57042.01,58044.36,56386.4,57042.0,32384.51737,2024-09-10 23:59:59.999,1349365460.0900571,2843148,11690.37506,667774722.6993911,0,0.0395854197060505,-0.0353467734039006,0.0263040083905319,45.60268051438907,-1437.4230130955038,59039.7705,60630.90640000001,63884.05704999999,65116.351985070105,52963.18901492989,42.13093228287376,0.010413204305599333,1
2024-09-11,57635.99,57981.71,55545.19,57635.99,23626.78126,2024-09-11 23:59:59.999,1875738697.378415,4045103,15979.30786,907634258.5649892,0,0.0104132043055993,0.0025789851156063,0.0255676397240569,47.474227303338466,-1279.934741849327,58863.76849999999,60432.986,63918.51625,64888.6622594657,52838.87474053428,59.02281423095534,-0.005170207018218909,1
2024-09-12,57338.0,58588.0,57324.0,57338.0,33026.56757,2024-09-12 23:59:59.999,1802848638.0757017,3706764,14783.00418,857572456.5100869,0,-0.0051702070182189,-0.0109175465621544,0.0254946996627429,46.60788440540638,-1165.7316262934985,58711.87649999999,60261.0258,63947.36515,64729.79823038906,52693.95476961092,55.56464612353039,0.013853291011196811,1
2024-09-13,58132.31,60625.0,57632.62,58132.32,31074.40631,2024-09-13 23:59:59.999,1760671733.5492997,3378012,15395.13731,909141733.9747654,0,0.0138532910111968,0.034751156995372,0.0253193341842293,49.26562575752616,-999.6070015555306,58416.63049999999,60116.1522,63979.3825,63917.719393749765,52915.54160625022,75.49725658534474,0.04069474605520651,2
2024-09-14,60497.99,60610.45,59400.0,60498.0,29825.23333,2024-09-14 23:59:59.999,728527024.3416963,1288784,5570.22098,334303099.7432136,0,0.0406947460552065,0.1211021187306777,0.0257577995984426,56.25043440932373,-669.3456345778541,58233.68000000001,60010.1132,64009.49015,63173.73302739133,53293.62697260868,98.42724458204334,-0.008346887500413236,1
2024-09-15,59993.02,60395.8,58691.05,59993.03,12137.90901,2024-09-15 23:59:59.999,822410872.3906957,1552950,6431.24697,384460724.5703967,0,-0.0083468875004132,0.1076823743197579,0.0255271250883878,54.52483174797441,-443.2484879762269,58022.33150000001,59851.814000000006,64024.2686,62226.77060832936,53817.892391670655,92.17374613003096,-0.014352167243428138,1
2024-09-16,59132.0,59210.7,57493.3,59132.0,13757.92361,2024-09-16 23:59:59.999,1543273198.7027452,3145152,12859.7584,749563220.8060509,0,-0.0143521672434281,0.077675485397745,0.0253577034798364,51.61715341273036,-329.7417379267863,57837.231499999994,59676.524000000005,64007.768099999994,61464.36566637011,54210.09733362988,81.51083591331269,-0.01552475816816612,1
2024-09-17,58213.99,61320.0,57610.01,58213.99,26477.5642,2024-09-17 23:59:59.999,1983378424.775704,3918209,16390.65993,981860543.2735816,0,-0.0155247581681661,0.0205460888468145,0.0254474160735832,48.638977963587614,-310.28577435042826,57777.181,59475.80619999999,63993.18315,61336.98390412186,54217.378095878135,70.1422910216718,0.03607380287796791,2
2024-09-18,60313.99,61786.24,59174.8,60313.99,33116.25878,2024-09-18 23:59:59.999,2174000496.820776,5167671,18429.59712,1110622778.7510853,0,0.0360738028779679,0.0464640236074715,0.0260688703110803,55.03084228892589,-123.9851103022811,57841.1355,59346.392199999995,63982.813599999994,61532.55048179457,54149.720518205424,88.52896237172175,0.023974537250810224,2
2024-09-19,61759.98,63850.0,61555.0,61759.99,36087.02469,2024-09-19 23:59:59.999,2153175931.1738715,4438284,17609.62958,1104427424.5246968,0,0.0239745372508102,0.0771214552303882,0.0262371735297817,58.830169125776656,138.74031150527298,57961.1845,59257.832,63981.67715,61983.57098529667,53938.79801470332,99.7157934397547,0.019235754409934414,1
2024-09-20,62948.0,64133.32,62350.0,62947.99,34332.52608,2024-09-20 23:59:59.999,1611195963.9908044,3969296,12411.32227,785440558.8125728,0,0.0192357544099344,0.082839804088328,0.0263753645292875,61.693657478031845,437.76746179317706,58152.3845,59224.231799999994,63980.84725,62706.128648488935,53598.640351511065,92.017610619469,0.004020144249244684,1
2024-09-21,63201.05,63559.9,62758.0,63201.05,25466.37794,2024-09-21 23:59:59.999,528657852.3183024,1283611,3877.73743,244802615.78455928,0,0.0040201442492446,0.044679989421138,0.0255953349874219,62.29525234623745,687.246312169249,58363.7375,59181.1724,63955.62395000001,63415.539451196535,53311.93554880347,91.12488112022592,0.0023403092195461994,1
2024-09-22,63348.97,64000.0,62357.93,63348.96,8375.34608,2024-09-22 23:59:59.999,897477338.3735126,2145736,6923.17369,436456231.9537881,0,0.0023403092195461,0.0559386648749029,0.0254551559723656,62.66432861164259,886.6741714420205,58666.092500000006,59218.185,63953.7487,64134.18180796791,53198.003192032105,92.53296980001542,0.003627526008319615,1
2024-09-23,63578.76,64745.88,62538.75,63578.76,14242.19892,2024-09-23 23:59:59.999,1531015038.3680267,3999187,12331.07643,784350440.7145653,0,0.0036275260083196,0.075200568220253,0.0229216349164018,63.26595380922862,1051.148144701976,58888.424,59275.8004,63941.2723,64760.87644333011,53015.97155666989,94.18783066564936,-0.0037554994781276996,1
2024-09-24,63339.99,64688.0,62700.0,63339.99,24078.05287,2024-09-24 23:59:59.999,1472720338.8562915,3870157,11522.89363,732118662.4171054,0,-0.0037554994781276,0.0880544350249827,0.0229289486722622,62.14541839567604,1148.9834440400955,59181.037,59379.38020000001,63923.8564,65322.21827580041,53039.85572419958,84.7197329765485,0.014567574134444872,1
2024-09-25,64262.7,64817.99,62947.08,64262.7,23185.04759,2024-09-25 23:59:59.999,1135250828.2732148,3355531,8384.67983,534590429.2105493,0,0.0145675741344448,0.0654692219831585,0.0230861479366339,64.7441245850762,1286.1476991450036,59495.627,59584.258,63904.54895,65991.01101075728,53000.24298924272,94.74843734545996,-0.017283587524333677,1
2024-09-26,63152.01,65839.0,62670.0,63152.01,17813.11168,2024-09-26 23:59:59.999,1831204595.9448967,4361333,15041.9886,971176161.3870808,0,-0.0172835875243336,0.0225391875873037,0.0229587663150886,59.45325915968793,1290.3535662597278,59844.2275,59726.85800000001,63878.74265000001,66338.76944387196,53349.68555612804,77.76911898734858,0.03201766657941674,2
2024-09-27,65173.99,66498.0,64819.9,65173.99,28373.30593,2024-09-27 23:59:59.999,1448852210.3602211,3498529,11092.85716,729156061.3679231,0,0.0320176665794167,0.0353625270640094,0.0211953614608562,65.05229992209141,1440.2414272042006,60404.77849999999,59927.6546,63859.8332,66704.4325437811,54105.12445621887,92.0317049498544,0.009144138635673427,1
2024-09-28,65769.95,66260.0,65422.23,65769.95,22048.80487,2024-09-28 23:59:59.999,600118483.1222521,1341703,4501.22534,296026669.8337066,0,0.0091441386356734,0.0406464766012588,0.0211398964600258,66.51977581235701,1588.8028974347326,60985.23299999999,60009.3338,63828.29245,67009.98534038714,54960.48065961285,91.91477783824,0.0013387572896133015,1
2024-09-29,65858.0,66076.12,65432.0,65858.0,9127.23316,2024-09-29 23:59:59.999,547980013.7152303,1413449,4132.9378,271622295.3535291,0,0.0013387572896133,0.0396066486332213,0.0211421955248544,66.74197667497756,1694.1151274166623,61534.6355,60109.734,63800.322400000005,67223.19443423062,55846.07656576937,92.8926005308339,-0.0038869993015275828,1
2024-09-30,65602.01,65618.8,62856.3,65602.01,8337.74111,2024-09-30 23:59:59.999,1920250261.744216,3978584,14451.93044,924324016.7358449,0,-0.0038869993015275,0.0318227345107076,0.0211412982476718,65.38334160926615,1736.897699312285,61962.636,60203.304,63762.9704,67521.31546131919,56403.95653868081,90.0497517962841,-0.03466997428889751,0
2024-10-01,63327.6,64130.63,60164.0,63327.59,30011.08752,2024-10-01 23:59:59.999,2723672081.8326254,5607069,20951.74486,1308603194.33104,0,-0.0346699742888975,-0.0001957688973427,0.0222523106976236,54.72433778477558,1569.1878886970298,62247.216,60295.60400000001,63722.66365,67462.92506115857,57031.50693884143,64.32928029847014,-0.03982166382772501,0
2024-10-02,60804.92,62390.31,60000.0,60805.78,43671.48108,2024-10-02 23:59:59.999,1928377637.836784,5313210,15719.32519,961468320.5154728,0,-0.039821663827725,-0.0537935692088878,0.0228919855521334,45.80747233274856,1218.7388018765705,62420.605,60324.786799999994,63679.19329999999,67182.83485909495,57658.37514090505,22.27141140485029,-0.002573768480562233,1
2024-10-03,60649.27,61477.19,59828.11,60649.28,31534.70118,2024-10-03 23:59:59.999,1590773866.8074434,5244004,12906.51464,783073701.7331172,0,-0.0025737684805622,-0.0396302508819592,0.0222044925644901,45.31401354051071,917.7973372522538,62546.453,60326.02939999999,63655.936550000006,66969.7010325344,58123.2049674656,9.991997537703892,0.001705378860227258,1
2024-10-04,60752.72,62484.85,60459.9,60752.71,26221.43472,2024-10-04 23:59:59.999,1311145630.5020497,3798631,10689.34488,658151113.9351828,0,0.0017053788602272,-0.0678381053546054,0.0215236301016992,45.73010653005481,679.8085847716429,62559.1885,60367.41579999999,63617.73269999999,66960.18216471327,58158.194835286726,13.862297579120474,0.021946181495442696,2
2024-10-05,62086.0,62370.56,61689.26,62086.0,21294.65994,2024-10-05 23:59:59.999,484588468.3419123,1183175,3690.55536,229107774.75427,0,0.0219461814954426,-0.0560126623176693,0.0218013215142789,50.91484976078259,591.9623703236284,62663.837,60458.3146,63590.11274999999,66912.68244135455,58414.99155864545,33.85198256642913,-0.00045098734014104025,1
2024-10-06,62058.01,62975.0,61798.97,62058.0,7807.46141,2024-10-06 23:59:59.999,555669634.4773513,1556553,4798.29924,299426562.8303448,0,-0.000450987340141,-0.0576998997843846,0.0208816215212176,50.80507727638815,514.1573604817459,62810.137,60521.9826,63590.71575,66752.94133190886,58867.33266809114,33.43218553829223,0.012277385671468632,1
2024-10-07,62819.91,64478.19,62128.0,62819.91,8906.86177,2024-10-07 23:59:59.999,1646315506.5791943,4809342,12760.73415,809108823.5126126,0,0.0122773856714686,-0.0424087615608117,0.0192835174009938,53.72850831004536,508.1188215972943,63040.433,60588.541,63565.61274999999,66373.39964586358,59707.46635413642,44.85531245642736,-0.009486005312646983,1
2024-10-08,62224.01,63200.0,61860.31,62224.0,25966.1852,2024-10-08 23:59:59.999,1230076253.818657,3798438,9614.36947,600357593.787378,0,-0.0094860053126469,-0.0174266855883825,0.0194695643948489,51.167401923800405,450.06026467531774,63135.9335,60664.473999999995,63549.2264,66253.43242745548,60018.43457254452,35.920982205103826,-0.001020667266649511,1
2024-10-09,62160.5,62543.75,60301.0,62160.49,19702.22371,2024-10-09 23:59:59.999,1234778807.5932417,3668363,9454.70171,583725546.0309885,0,-0.0010206672666495,0.022279296474776,0.0194332491281157,50.888986838374656,394.3775746119354,63155.95849999999,60718.9138,63541.04564999999,66242.84195447087,60069.07504552912,34.96879258878329,-0.02452474232426416,0
2024-10-10,60636.01,61321.68,58946.0,60636.02,20011.15684,2024-10-10 23:59:59.999,1445604381.9363792,3872577,10827.77272,653182369.9427671,0,-0.0245247423242641,-0.0002186340876594,0.0189436362192162,44.61375686545439,224.64706160374044,63040.36,60751.3582,63524.27569999999,66317.06035829264,59763.65964170736,12.112793464359926,-0.005106370767738344,1
2024-10-11,60326.4,63417.56,60087.64,60326.39,23967.92481,2024-10-11 23:59:59.999,1462219576.8498647,3222180,12099.56755,748431117.9165705,0,-0.0051063707677383,-0.0070173001336072,0.0189238510669411,43.442034205277885,64.40740541095147,62896.627,60734.7654,63489.85769999999,66378.30632380901,59414.94767619098,18.27846927966101,0.036693891346722296,2
2024-10-12,62539.99,63480.0,62487.23,62540.0,23641.35209,2024-10-12 23:59:59.999,686978508.9887543,1770837,5196.91695,327263147.47604007,0,0.0366938913467222,0.0073124375865734,0.0199176261114511,52.95493311631425,114.71380120963296,62856.179,60778.048599999995,63453.157649999994,66334.6933791382,59377.66462086181,49.13863822805578,0.010652702270546932,1
2024-10-13,63206.23,63285.72,62050.0,63206.22,10911.30116,2024-10-13 23:59:59.999,746564374.2082387,2242529,5855.04617,367046338.9194209,0,0.0106527022705469,0.0185023687518128,0.0198664933092568,55.38703322504503,205.96611927174672,62837.552,60761.4282,63419.24875,66304.35968220264,59370.74431779736,59.74962553224916,-0.005319096759781039,1
2024-10-14,62870.02,66500.0,62457.81,62870.02,11909.21995,2024-10-14 23:59:59.999,2450094472.8135448,4977577,19941.11906,1297062359.2474864,0,-0.005319096759781,0.0007976770421986,0.01858983104215,53.87344808270999,248.29353519764845,62814.0535,60735.6884,63386.2489,66273.28301432921,59354.823985670795,58.80619829756616,0.051120868102157546,2
2024-10-15,66084.0,67950.0,64800.01,66083.99,37669.95222,2024-10-15 23:59:59.999,2894021862.319518,6245619,21820.682,1446378130.5659852,0,0.0511208681021575,0.0620337811776807,0.0205738684549755,64.00124577707611,535.011555821111,62905.118,60772.9682,63362.76585,66599.96298546005,59210.27301453996,94.49285146942024,0.014983205463229288,1
2024-10-16,67074.14,68424.0,66750.49,67074.14,43683.95423,2024-10-16 23:59:59.999,2024560410.1062672,5109685,15212.87402,1029210667.4758284,0,0.0149832054632292,0.0790478002988714,0.020395829070113,66.44556442403842,832.5375086648928,63101.2245,60857.77099999999,63348.883850000006,67219.72012153149,58982.7288784685,90.27254553531763,0.008138307848598592,1
2024-10-17,67620.0,67939.4,66666.0,67620.01,29938.25544,2024-10-17 23:59:59.999,1702164439.5654595,3981960,12153.94712,816887407.4042379,0,0.0081383078485985,0.1151788986150474,0.0200529929362313,67.7458215771729,1099.6994659223856,63223.5255,61021.8712,63339.073,67709.81451895252,58737.23648104748,91.51730322852916,-0.0029315286998625734,1
2024-10-18,67421.78,69000.0,67192.36,67421.78,25328.22861,2024-10-18 23:59:59.999,1959735899.8769643,4010969,14218.1785,970440964.2668116,0,-0.0029315286998625,0.1176166848372661,0.0192297024399723,66.73448786800233,1280.6689826805668,63306.117000000006,61189.6088,63319.78185,68031.33830281736,58580.89569718265,89.4258282338046,0.014924257413553965,1
2024-10-19,68427.99,68693.26,68010.0,68428.0,28725.635,2024-10-19 23:59:59.999,559628628.9613105,1152428,4071.19627,278085065.5176925,0,0.0149242574135539,0.0941477454429164,0.018973167152298,69.24432467727092,1488.1279603950316,63434.617000000006,61370.9886,63313.67285,68553.79496961572,58315.43903038429,94.31072210065643,-0.000730695037119311,1
2024-10-20,68377.99,69400.0,68100.0,68378.0,8193.66737,2024-10-20 23:59:59.999,854082429.8105861,1563795,6772.92574,465001555.93098307,0,-0.0007306950371193,0.0818239091026167,0.0187545963488835,68.96587465217988,1629.7197183149765,63573.41650000001,61556.0688,63328.2429,69057.64939927096,58089.18360072906,93.81340759896558,0.00956433355757702,1
2024-10-21,69032.0,69519.52,66840.67,69031.99,12442.47378,2024-10-21 23:59:59.999,2130833593.5466976,3686777,13593.60828,923860758.4208844,0,0.009564333557577,0.0980112619655602,0.0187929732286137,70.62951694875741,1774.251269752931,63858.6365,61757.22880000001,63343.58645,69833.46097417542,57883.812025824576,96.47972068107906,-0.023967004283086846,0
2024-10-22,67377.5,67836.01,66571.42,67377.5,31374.42184,2024-10-22 23:59:59.999,1654285791.6605556,3669291,12400.51857,834160889.2398738,0,-0.0239670042830868,0.0195737273127727,0.0194332804488347,61.62871368934572,1735.286744301142,64187.2225,61958.7416,63338.035,70177.14286374686,58197.30213625313,79.74165651552177,0.0007198248673518926,1
2024-10-23,67426.01,67472.83,65260.0,67426.0,24598.96268,2024-10-23 23:59:59.999,1695101430.9187467,3807365,11888.33995,789384635.1106861,0,0.0007198248673518,0.0052458369201602,0.0194333680686373,61.78246540680611,1688.8525805505924,64526.0585,62124.619000000006,63336.0619,70443.35814905321,58608.7588509468,80.20034955246689,-0.011232313944175898,1
2024-10-24,66668.65,68850.0,66510.0,66668.65,25530.2407,2024-10-24 23:59:59.999,1526736320.912938,3797462,11502.58514,777936396.524746,0,-0.0112323139441758,-0.0140692082121844,0.0195591493017201,57.88216583596884,1572.8109698565677,64821.85549999999,62308.237400000005,63324.92515,70543.30283109838,59100.408168901595,73.03764498482994,0.022943767422919148,2
2024-10-25,68198.27,68771.49,65596.29,68198.28,22589.83877,2024-10-25 23:59:59.999,2320667435.293254,5332593,16031.032,1079347459.1549635,0,0.0229437674229191,0.0115170498316716,0.0198045633312499,62.9671984705247,1585.9931726477807,65127.46949999999,62512.785,63319.1146,70884.58920624311,59370.34979375688,85.9917641021726,-0.02199395644582236,0
2024-10-26,66698.32,67454.55,66439.9,66698.33,34479.71125,2024-10-26 23:59:59.999,792887047.147892,2373501,6069.18986,406369780.1532944,0,-0.0219939564458223,-0.025277225697083,0.0199820063582854,55.84684678957814,1458.5929819839366,65359.486,62723.151600000005,63294.50625,70975.38242236478,59743.58957763521,62.230638648802056,0.005913641316056761,1
2024-10-27,67092.76,68332.05,66913.73,67092.76,11842.9077,2024-10-27 23:59:59.999,585006148.4704809,1771989,4417.7362,298699666.99843925,0,0.0059136413160567,-0.0187961040100618,0.0191828503485938,57.21689917118442,1373.6203769682909,65573.1285,62985.74739999999,63284.24005,71110.87882439749,60035.37817560252,67.51116537608831,0.013845607186230069,1
2024-10-28,68021.69,70270.0,67618.0,68021.7,8653.19592,2024-10-28 23:59:59.999,2005105729.8174448,4432446,15218.34976,1051606096.429826,0,0.01384560718623,-0.0146350988867626,0.0192694620077176,60.338297596498435,1365.4960809934273,65863.0135,63262.9642,63271.19315000001,71274.69655970372,60451.330440296275,78.78955663713172,0.028527808037729363,2
2024-10-29,69962.21,73620.12,69760.0,69962.21,29046.75459,2024-10-29 23:59:59.999,3602465986.8917575,5645430,26898.46516,1932608784.1630373,0,0.0285278080377293,0.0383616192349078,0.0199003279276368,65.9301983911753,1498.368201457648,66253.0995,63564.8094,63270.97305,71665.73208725474,60840.46691274525,94.3731158557878,0.03965297837218107,2
2024-10-30,72736.41,72961.0,71436.0,72736.42,50128.60594,2024-10-30 23:59:59.999,1941210537.2882867,4040734,13487.21433,973898183.7467278,0,0.039652978372181,0.0787592323436063,0.0209979070156671,72.00666227913403,1806.699370465707,66858.1195,63878.697799999994,63299.07255,72328.83857908747,61387.40042091253,89.42957756587228,-0.00538492271134583,1
2024-10-31,72344.75,72700.0,69685.76,72344.74,26885.99056,2024-10-31 23:59:59.999,2091144977.4946847,4525542,14205.13879,1012048241.8498938,0,-0.0053849227113458,0.0851388171201907,0.019801187539552,70.10553850495862,1996.4350798541857,67459.037,64172.872800000005,63341.1737,72555.33592422298,62362.738075777015,84.74447735199983,-0.028374281253896405,0
2024-11-01,70292.01,71632.95,68820.14,70292.01,29352.10297,2024-11-01 23:59:59.999,2677358022.00497,4569271,18044.1622,1261663986.7596903,0,-0.0283742812538964,0.0307006276404624,0.0190093995695904,61.01372772282428,1958.5864751886984,67846.6375,64431.953,63364.32455,72551.64423080359,63141.6307691964,60.190643196509114,-0.011324188908526045,1
2024-11-02,69496.0,69914.37,69000.14,69496.01,38301.86755,2024-11-02 23:59:59.999,731232427.6311549,1603561,5227.50713,363370734.81580114,0,-0.011324188908526,0.041945278090171,0.0191961072419448,57.87910150719855,1843.1143607050328,68161.12700000001,64659.2268,63394.70465,72401.27614458867,63920.97785541134,50.66924876676408,-0.0017449922664622974,1
2024-11-03,69374.74,69391.0,67478.73,69374.74,10521.67243,2024-11-03 23:59:59.999,1709666206.4062023,3668029,12277.58177,839939073.1389577,0,-0.0017449922664622,0.0340123136982293,0.019225140144892,57.39530849695175,1721.966642967629,68486.363,64836.76159999999,63422.611399999994,71986.52865197074,64986.19734802925,49.218671502323026,-0.008630662976178316,1
2024-11-04,68775.99,69500.0,66835.0,68775.99,24995.70243,2024-11-04 23:59:59.999,2033902307.002776,5377048,14927.24077,1019257547.5246848,0,-0.0086306629761783,0.0110889613167564,0.019084393420881,54.95297024033631,1559.663255646679,68620.963,65012.4208,63460.1045,71943.7913893147,65298.1346106853,42.05669296612976,-0.01346371022794457,1
2024-11-05,67850.01,70577.91,67476.63,67850.01,29800.39187,2024-11-05 23:59:59.999,2310418908.069922,4955644,17059.88663,1181816730.9237833,0,-0.0134637102279445,-0.0301905843168763,0.0193257863784723,51.31613114011284,1340.861191441989,68659.7565,65186.780999999995,63482.00415,71927.0964255729,65392.41657442711,30.980536164552618,0.022431831623900944,2
2024-11-06,69372.01,76400.0,69298.0,69372.01,33355.06888,2024-11-06 23:59:59.999,7702283270.25801,8434184,53243.884427,3938516657.232733,0,0.0224318316239009,-0.0462548198000396,0.0195783008526092,56.42124533292788,1275.5677087580552,68747.35650000001,65409.9414,63509.77415,71992.36213975515,65502.35086024487,49.18601646866309,0.0893729329739763,2
2024-11-07,75571.99,76849.99,74416.0,75571.99,104126.994787,2024-11-07 23:59:59.999,3391796661.9719553,5207722,21805.460295,1648278335.300733,0,0.0893729329739763,0.0446093247415084,0.0249112531682462,70.15203302528889,1704.4607612562977,69154.867,65715.1014,63562.93115,73494.16374509539,64815.57025490461,92.33587351011832,0.0037831476979763856,1
2024-11-08,75857.89,77199.99,75555.0,75857.89,44869.422345,2024-11-08 23:59:59.999,2784449097.5315185,4877489,17555.393633,1339019332.1967125,0,0.0037831476979763,0.0791822569876719,0.024874719975052,70.61186713303364,2043.8708649371983,69526.3615,65997.0594,63617.51485000001,74737.68570104931,64315.03729895069,91.18423274123172,0.008593568843003663,1
2024-11-09,76509.78,76900.0,75714.66,76509.78,36521.099583,2024-11-09 23:59:59.999,1294709001.60289,2585264,8032.79327,614028515.3001705,0,0.0085935688430036,0.1009233479735023,0.0241540962173172,71.68308357987644,2338.501107251999,69932.9505,66268.2952,63665.96715,75931.827180767,63934.07381923302,93.58546257512712,0.0021916152418686163,1
2024-11-10,76677.46,81500.0,76492.0,76677.46,16942.07915,2024-11-10 23:59:59.999,4905441473.900737,7128598,32751.012177,2597409399.2349634,0,0.0021916152418686,0.1052648269384504,0.024053509637603,71.96614436020215,2556.0633642535977,70315.224,66537.82340000001,63717.28445000001,76973.85186394065,63656.59613605936,94.9587023238807,0.04815691599591321,2
2024-11-11,80370.01,89530.54,80216.01,80370.01,61830.100435,2024-11-11 23:59:59.999,6944268709.942721,9348890,42837.295314,3613896167.371912,0,0.0481569159959132,0.1685765628382811,0.0246048649632866,77.3383744259081,2991.95158994713,70964.8495,66878.2444,63797.686550000006,78784.24664495749,63145.45235504251,92.29464711899077,0.10299836966550102,2
2024-11-12,88648.0,89940.0,85072.0,88647.99,82323.665776,2024-11-12 23:59:59.999,8540084566.2798195,11499058,49589.333451,4353451682.829404,0,0.102998369665501,0.306528768381906,0.0300369112138565,84.50648164594546,3959.714825576564,72025.949,67379.629,63918.4348,82827.48794344623,61224.410056553745,96.11135051203898,-0.00785105223479976,1
2024-11-13,87952.0,93265.64,86127.99,87952.01,97299.887911,2024-11-13 23:59:59.999,7790928962.043038,11962100,44342.329327,3983689817.401444,0,-0.0078510522347997,0.2678313631102804,0.0300900621418283,82.15361569177828,4617.289157473395,73090.117,67871.8694,64039.344800000006,85625.31475264647,60554.91924735352,91.39584505518285,0.027551274837266382,2
2024-11-14,90375.21,91790.0,86668.21,90375.2,86763.854127,2024-11-14 23:59:59.999,5073860815.928665,9828858,27940.856,2499212755.773147,0,0.0275512748372663,0.195882230969437,0.0293225109265815,83.84058855179845,5273.166948475497,74198.963,68394.11940000001,64173.910899999995,88592.77520898594,59805.150791014064,89.06405595929571,-0.03374388106471693,0
2024-11-15,87325.59,91850.0,87073.38,87325.59,56729.51086,2024-11-15 23:59:59.999,4276238971.1814294,8009111,24800.61087,2213154236.5096154,0,-0.0337438810647169,0.1511734639600441,0.0304170141737887,74.31919784519717,5483.6645118136075,75230.326,68877.591,64294.94575,90268.1702456279,60192.4817543721,77.52589418947099,0.04244437398018164,2
2024-11-16,91032.08,91779.66,90056.17,91032.07,47927.95068,2024-11-16 23:59:59.999,2067958511.9048471,4239455,11496.31366,1046686701.002946,0,0.0424443739801816,0.1898095903556382,0.0310122605071959,77.64251012545564,5881.765970134758,76427.2915,69394.75259999999,64430.7761,92461.65711047674,60392.92588952328,91.54931549141456,-0.004890034907478302,1
2024-11-17,90587.98,91449.99,88722.0,90586.92,22717.87689,2024-11-17 23:59:59.999,2153871724.810395,4930719,11852.78227,1070094820.6738938,0,-0.0048900349074783,0.181402200855375,0.0310433557433839,76.36435763593542,6091.1296087608935,77555.5525,69891.09199999999,64580.3507,94228.20109440702,60882.90390559299,89.86509596438074,-0.008068824947354392,1
2024-11-18,89855.98,92594.0,89376.9,89855.99,23867.55609,2024-11-18 23:59:59.999,4239909950.6618943,7161125,23628.87098,2153158394.316311,0,-0.0080688249473543,0.1180288518067873,0.0312097378918794,74.20429551028681,6127.438560861032,78550.2415,70371.0518,64737.8058,95660.12077483762,61440.36222516238,87.09963133696348,0.006767384122082332,1
2024-11-19,90464.07,93905.51,90357.0,90464.08,46545.03448,2024-11-19 23:59:59.999,4025108502.8496137,5647789,22127.852724,2040301638.1161728,0,0.0067673841220823,0.020486533310005,0.0311543238966351,74.84186960166016,6134.56598987554,79436.6245,70868.2932,64894.82315,97078.42358577372,61794.82541422631,89.13661284399828,0.020413737695668788,2
2024-11-20,92310.8,94831.97,91500.0,92310.79,43660.04682,2024-11-20 23:59:59.999,3950932314.6460686,7365987,20425.307962,1912348704.247262,0,0.0204137376956687,0.0495586172504756,0.0312140917485615,76.72342843760876,6217.556471412536,80434.927,71447.9572,65041.96704999999,98610.08878108989,62259.76521891012,93.51937680813704,0.02140345673566446,2
2024-11-21,94286.56,98988.0,94040.0,94286.56,42203.198712,2024-11-21 23:59:59.999,6722807908.325655,9048605,35424.063227,3440467290.318527,0,0.0214034567356644,0.0432791296727421,0.0305951740312665,78.57006982417163,6369.333441603492,81634.65449999999,72117.57280000001,65193.93965,100138.08433804147,63131.22466195848,97.32851292395118,0.04274798019993509,2
2024-11-22,98317.12,99588.01,97122.11,98317.12,69228.360477,2024-11-22 23:59:59.999,4555536773.363205,7271311,22709.668193,2240635299.646484,0,0.042747980199935,0.1258683737493213,0.0310341208963068,81.75076407968113,6737.188179598088,83075.70999999999,72870.9296,65365.46525,102056.27756072547,64095.14243927449,97.13702897623008,0.0058472013826280644,1
2024-11-23,98892.0,98908.85,97136.0,98892.0,46189.309243,2024-11-23 23:59:59.999,2431609866.3295145,3839138,11176.2487,1097538914.9412584,0,0.005847201382628,0.0863424285529264,0.0307274774710468,82.15753739620462,6994.475758601271,84551.573,73633.7154,65544.0993,103631.32532105569,65471.820678944336,97.0845733841292,-0.012332645714516866,1
2024-11-24,97672.4,98564.0,95734.77,97672.4,24757.84367,2024-11-24 23:59:59.999,3034172011.9517884,4964720,15124.12176,1471313633.7467723,0,-0.0123326457145168,0.078217473339418,0.0310338260606023,78.17638978359687,7019.055192195199,85996.39349999999,74345.4434,65720.9009,104444.81727979092,67547.96972020906,91.70588339717553,0.002330648166728677,1
2024-11-25,97900.05,98871.8,92600.19,97900.04,31200.97838,2024-11-25 23:59:59.999,4883444806.322193,8289691,23486.92705,2255516841.6102185,0,0.0023306481667286,0.0895215778046627,0.030413229095761,78.38690988776742,6976.482666467418,87498.89499999999,75062.2842,65904.43595,104639.35619864702,70358.43380135296,91.28654759446624,-0.04994921350389636,0
2024-11-26,93010.01,94973.37,90791.1,93010.01,50847.45096,2024-11-26 23:59:59.999,5370918648.818167,10225809,29120.26765,2702543576.089108,0,-0.0499492135038963,0.0281429933295069,0.0325186784002277,64.0856202615538,6473.536184299301,88680.795,75666.0862,66054.11594999999,103799.179351852,73562.41064814798,54.684517301930754,-0.011233737099909935,1
2024-11-27,91965.16,97208.21,91792.14,91965.16,57858.73138,2024-11-27 23:59:59.999,3894358511.6175647,6648690,20316.58245,1922620637.3076189,0,-0.0112337370999099,-0.0037441993509099,0.0327761402766908,61.50360196412582,5922.367445457625,89500.45349999999,76260.9094,66209.9418,103416.89852625848,75584.0084737415,43.366726052413014,0.04238507278190995,2
2024-11-28,95863.11,96564.0,94640.0,95863.11,41153.42734,2024-11-28 23:59:59.999,2749861591.2596097,4988161,14805.69321,1412851841.0751948,0,0.0423850727819099,0.016720834867663,0.0331330980713448,66.86685603812859,5733.996297414065,90500.7145,76934.96179999999,66385.1274,103171.07857028158,77830.35042971843,71.16905834455643,-0.002285863665387078,1
2024-11-29,95643.99,98619.99,95364.99,95643.98,28814.54357,2024-11-29 23:59:59.999,2690451030.6342874,5094070,13840.21172,1344148785.2636423,0,-0.002285863665387,-0.0271889575284548,0.0327682415871721,66.30758574825106,5503.586921625931,91457.4245,77635.121,66555.92735,102548.78762367068,80366.06137632931,68.48464557082389,0.018987290156683212,1
2024-11-30,97460.0,97463.95,96092.01,97460.0,27701.78231,2024-11-30 23:59:59.999,1402672950.6998208,3354759,7075.91503,684284805.0234444,0,0.0189872901566832,-0.0144804433118957,0.0326841022483058,68.64793397380036,5405.215508440058,92496.5515,78377.7932,66728.52695,101563.8503621195,83429.2526378805,80.41590243336795,-0.010794274574184248,1
2024-12-01,96407.99,97836.0,95693.88,96407.99,14503.83306,2024-12-01 23:59:59.999,1641327626.6062205,3342200,8114.89569,786489040.1936377,0,-0.0107942745741842,-0.0129454175386289,0.0321160450181099,65.79667779021634,5182.624965249532,93298.4505,79055.15299999999,66902.67945,100598.65660036466,85998.24439963535,70.73424375644794,0.008061468764155144,1
2024-12-02,97185.17,98130.0,94395.0,97185.18,16938.60452,2024-12-02 23:59:59.999,3646639621.737588,7560103,18821.93327,1808458555.890584,0,0.0080614687641551,-0.0073019377724462,0.0318438014155601,66.89076010679484,5011.167474541857,93725.31,79734.7322,67057.57285,100884.92937854676,86565.69062145325,76.46847404444765,-0.01383503122595442,1
2024-12-03,95840.61,96305.52,93578.17,95840.62,37958.66981,2024-12-03 23:59:59.999,3413995542.018656,5361712,17339.11167,1652090703.1755955,0,-0.0138350312259544,0.0304333909866261,0.0320955400544063,63.12853248901442,4712.469013451322,94119.7405,80394.1442,67210.59989999999,100817.990769254,87421.49023074601,59.40433387029153,9.463628261174861e-05,1
2024-12-04,95849.69,99000.0,94587.83,95849.69,35827.32283,2024-12-04 23:59:59.999,4241994533.7861066,6648724,22033.60112,2132655972.045,0,9.46362826117486e-05,0.0422391479555952,0.0319477762063907,63.143591752406174,4425.466184808291,94393.465,80989.45820000001,67354.72835,100902.00436035127,87884.9256396487,57.504169077551126,0.028561699051921963,2
2024-12-05,98587.32,104088.0,90500.0,98587.32,43850.53728,2024-12-05 23:59:59.999,11048002942.149933,12012364,56235.078356,5657171374.763456,0,0.0285616990519219,0.0284177093774655,0.0317313448033093,67.46316426223828,4368.560194449121,94956.5515,81619.7218,67513.08895,100840.3879634304,89072.71503656961,88.6245283855355,-0.016652141472148774,1
2024-12-06,96945.63,101898.99,95981.72,96945.63,109921.729662,2024-12-06 23:59:59.999,4456641685.364444,6919102,21999.62416,2175645718.553361,0,-0.0166521414721487,0.0136093249151698,0.0321307702107074,62.7162750110661,4143.230541666882,95252.2295,82206.2342,67666.44705,100907.386903355,89597.07209664499,47.43619370032385,0.028832759145512643,2
2024-12-07,99740.84,100439.18,98844.0,99740.84,45049.5331,2024-12-07 23:59:59.999,1487953846.8385458,2634566,6776.55,675350661.2973348,0,0.0288327591455126,0.0234028319310486,0.0288143332683173,66.97685562792812,4142.453628043557,95709.9255,82852.6154,67807.91815,101261.44466515118,90158.4063348488,68.00735943479538,0.0009138683812970338,1
2024-12-08,99831.99,101351.0,98657.7,99831.99,14931.9459,2024-12-08 23:59:59.999,1459576946.402151,2994709,7152.80173,714745738.9188356,0,0.000913868381297,0.0355157285200116,0.0288393458426253,67.10885001525898,4101.908711352429,96208.7255,83480.6952,67956.3364,101343.77469760666,91073.67630239336,68.67817191639685,0.012797501081567075,1
2024-12-09,101109.6,101215.93,94150.05,101109.59,14612.99688,2024-12-09 23:59:59.999,5283626995.705648,8445872,25472.08477,2495722030.5370946,0,0.012797501081567,0.0403807452947044,0.0288445591815671,68.98037853090713,4125.3141616787325,96741.001,84135.32699999999,68116.05125,101582.38154851896,91899.62045148104,78.08058581100968,-0.0379105483466009,0
2024-12-10,97276.48,98270.0,94256.54,97276.47,53949.11595,2024-12-10 23:59:59.999,4988660195.092429,11556189,24523.09586,2367164879.170773,0,-0.0379105483466009,0.0149816434826903,0.0301074544136073,58.26792108691337,3790.863683596166,96989.285,84700.2166,68262.58535000001,101385.23510731944,92593.33489268058,49.87098910803651,-0.007026056763778543,1
2024-12-11,96593.0,101888.0,95658.24,96593.0,51708.68933,2024-12-11 23:59:59.999,3745703763.01845,8250511,19112.84559,1897146318.2111704,0,-0.0070260567637785,0.0077549546586952,0.0292682158985919,56.58065630528344,3431.1072841457644,97104.607,85284.5266,68402.80040000001,101328.54409309522,92880.6699069048,44.84103620841919,0.04691851376393741,2
2024-12-12,101125.0,102540.0,99311.64,101125.0,37753.78291,2024-12-12 23:59:59.999,2949462583.8661704,8066322,14175.88661,1430984456.6703603,0,0.0469185137639374,0.0257404299051844,0.0242579295132922,64.02050224970651,3471.672985041936,97245.001,85958.50660000001,68561.97255,101794.8885904068,92695.11340959322,78.19399470120695,-0.011082422744128628,1
2024-12-13,100004.29,101895.26,99205.0,100004.29,29232.08745,2024-12-13 23:59:59.999,2203903393.0741005,5481660,10669.09365,1073720887.635456,0,-0.0110824227441286,0.0315502617291774,0.024322590788996,61.22661443831747,3374.49063691168,97300.6155,86625.21940000002,68719.45564999999,101955.64710148248,92645.58389851748,69.94620253164551,0.014198990863292016,1
2024-12-14,101424.24,102650.0,100609.41,101424.25,21904.03923,2024-12-14 23:59:59.999,1441594367.0463192,3374538,6790.24676,689981854.1394897,0,0.014198990863292,0.0168778406117293,0.0240077840824889,63.40568387025698,3373.1680492094893,97488.208,87289.7388,68879.39474999999,102478.37663258205,92498.03936741796,80.39630556373271,-4.19031937628489e-05,1
2024-12-15,101420.0,105250.0,101237.14,101420.0,14191.70326,2024-12-15 23:59:59.999,2290462903.835791,3638809,12668.894355,1305611448.3000977,0,-4.19031937628489e-05,0.0159068250567777,0.0229391594475811,63.3942001032154,3333.3521409048262,97664.206,87984.1722,69044.50279999999,102940.16641916517,92388.24558083482,80.36502796585222,0.030013705383553635,2
2024-12-16,104463.99,107793.07,103333.0,104463.99,22228.921775,2024-12-16 23:59:59.999,4364964400.634553,8048054,20349.0995,2150550899.2475224,0,0.0300137053835536,0.0331758837119209,0.0223488803005846,67.88118557780555,3506.9958350717643,98236.905,88731.5968,69228.56065,103843.94755149196,92629.86244850804,94.67111864406785,0.01526526030644626,1
2024-12-17,106058.65,108353.0,105321.49,106058.66,41302.40274,2024-12-17 23:59:59.999,3103833327.775107,7212799,14187.320446,1515158210.55198,0,0.0152652603064462,0.0902807225632262,0.0223492716345259,69.95866296832104,3730.285842352736,98941.58,89492.336,69417.0931,104757.22028622314,93125.93971377688,89.97049106954404,0.0007079101319968917,1
2024-12-18,106133.74,106524.98,100000.0,106133.74,29064.936466,2024-12-18 23:59:59.999,5194263316.259236,8762120,23308.37525,2407213144.2694983,0,0.0007079101319968,0.0987725818641103,0.0222224641938081,70.05686313355747,3868.707063528957,99455.1115,90215.7666,69610.06175,105875.14663368207,93035.07636631792,87.56926006833588,-0.0558703575319216,0
2024-12-19,100204.01,102800.11,95700.0,100204.01,50307.99755,2024-12-19 23:59:59.999,5487546517.707753,7273941,26898.63715,2677636003.906506,0,-0.0558703575319216,-0.0091074412855377,0.024908974493423,54.816382290723105,3460.042013868966,99683.113,90765.1184,69772.24755,105865.0332123859,93501.1927876141,54.35506637539907,-0.027365671293993032,0
2024-12-20,97461.86,98233.0,92232.54,97461.86,55147.398,2024-12-20 23:59:59.999,6022845238.832326,7429007,29463.23021,2822939306.663078,0,-0.027365671293993,-0.025423209344319,0.025328444969466,49.45809117759156,2881.6851571396983,99683.206,91267.4608,69920.72869999999,105864.99248721852,93501.41951278147,23.31776145096616,0.0035252764517319513,1
2024-12-21,97805.44,99540.61,96398.39,97805.44,62884.1357,2024-12-21 23:59:59.999,2296232055.195926,3717638,11726.94119,1146732451.4218132,0,0.0035252764517319,-0.0356799286166769,0.0250681467059612,50.116049112465944,2423.124939962756,99753.0785,91817.7294,70065.70640000001,105815.64796923927,93690.50903076072,34.57035345145242,-0.005249707991702657,1
2024-12-22,97292.0,97448.08,94250.35,97291.99,23483.54143,2024-12-22 23:59:59.999,1857819866.3604,3633551,9293.39749,892081877.7627709,0,-0.0052497079917026,-0.0407021297574442,0.0238485950483242,49.087622159355206,1995.2811807504768,99758.419,92373.649,70199.47715,105812.11252257756,93704.72547742246,31.385270643641743,-0.02164330280426996,0
2024-12-23,95186.28,96538.92,92520.0,95186.27,19353.83036,2024-12-23 23:59:59.999,3100007213.494563,5464919,16339.58355,1544707289.7443693,0,-0.0216433028042699,-0.0888126138011768,0.0241396450422967,45.00840010704523,1469.3600454046828,99725.7015,92889.8796,70319.86850000001,105870.13011630213,93581.27288369788,18.322864235884147,-0.003202142493870186,1
2024-12-24,94881.47,99487.99,93569.02,94881.47,32810.76703,2024-12-24 23:59:59.999,2287214424.706476,3421549,11969.2539,1156798174.582326,0,-0.0032021424938701,-0.1053868679841891,0.0240490857884753,44.43281675866141,1016.254198106355,99677.2905,93411.9892,70440.28055,105956.88055482369,93397.70044517634,16.432099332153093,0.03986141867321402,2
2024-12-25,98663.58,99569.15,97632.02,98663.58,23674.22488,2024-12-25 23:59:59.999,1426143976.0493636,3283028,7006.5265,690465056.587186,0,0.039861418673214,-0.0703844036778502,0.0251617921189819,52.54281079027017,951.3822756007576,99681.1035,94028.2606,70586.82045,105958.13367024391,93404.07332975608,39.89365067746209,0.0077639591022340415,1
2024-12-26,99429.61,99963.7,95199.14,99429.6,14474.1651,2024-12-26 23:59:59.999,2049123567.3867724,5203490,10071.87249,973940616.1292444,0,0.007763959102234,-0.0077283334269755,0.0233040938962669,54.006958585392354,950.8217405823962,99805.302,94629.4124,70737.41615,105957.98388977825,93652.62011022176,44.64550019044127,-0.03658870195595676,0
2024-12-27,95791.6,97544.58,93500.01,95791.6,21192.36727,2024-12-27 23:59:59.999,2528567849.7794614,5718866,12945.51657,1235623739.0578184,0,-0.0365887019559567,-0.017137575662931,0.0242591691496773,46.64643610992088,649.3361733676429,99607.84,95033.8046,70868.13345,106004.765757745,93210.914242255,22.07790596546259,-0.01558142885179914,1
2024-12-28,94299.03,95733.99,94135.66,94299.03,26501.26429,2024-12-28 23:59:59.999,794651624.8349556,2732061,4203.59876,398416342.12816703,0,-0.0155814288517991,-0.0358508688269282,0.023187147029455,43.99708496979538,286.664276850468,99331.192,95402.62739999998,70991.9286,106131.27779101806,92531.10620898196,12.81905106926232,0.01061484937862045,1
2024-12-29,95300.0,95340.0,93009.52,95300.0,8385.8929,2024-12-29 23:59:59.999,1278370863.9768472,2865838,5651.38589,532195414.1027413,0,0.0106148493786204,-0.0204743473743317,0.0232682929450718,46.20378749241316,79.10225790567347,99040.7125,95778.4318,71131.85740000001,106006.42964214816,92074.99535785185,19.028365195534153,-0.01638824763903468,1
2024-12-30,93738.19,95024.5,91530.45,93738.2,13576.00578,2024-12-30 23:59:59.999,2573126059.769478,5560563,13092.19646,1220209278.2523272,0,-0.0163882476390346,-0.0152130133894311,0.0231765461362593,43.334612009297985,-209.0070419274853,98863.799,96119.6466,71259.22845000001,106171.1130894078,91556.4849105922,9.34005605299106,-0.010093537106537043,1
2024-12-31,92792.05,96250.0,92033.73,92792.05,27619.4225,2024-12-31 23:59:59.999,1845718801.922704,3347847,9687.96775,911716321.605402,0,-0.010093537106537,-0.0220213704530505,0.0231667241008667,41.647336421068175,-507.828207985629,98673.7515,96368.0874,71389.32365,106393.48521019706,90954.01778980294,7.499457573316802,0.008448460832582105,1
2025-01-01,93576.0,95151.15,92888.0,93576.0,19612.03389,2025-01-01 23:59:59.999,975444194.1379983,1516556,5347.73648,502914035.6405907,0,0.0084484608325821,-0.0515649239567427,0.0231720585077888,43.60659816293685,-673.6228171994444,98296.3015,96466.6476,71526.9837,106234.82181399764,90357.78118600236,13.641974773467412,0.010855240659998211,1
2025-01-02,94591.78,97839.5,94392.0,94591.79,10373.32613,2025-01-02 23:59:59.999,2118411852.6812797,3569079,10915.96986,1052226710.3336716,0,0.0108552406599982,-0.04865563172335,0.0231389307375159,46.13051393557842,-714.8105843362137,98025.6765,96599.44319999998,71668.80140000001,106081.00947640472,89970.3435235953,27.16443974352372,0.025298178626284695,2
2025-01-03,96984.79,98976.91,96100.01,96984.79,21970.48948,2025-01-03 23:59:59.999,1486610768.5907917,2851164,7468.60797,727787246.8965588,0,0.0252981786262846,0.0124561026227767,0.0236020533212855,51.62345411464539,-548.0396260036214,97803.7035,96731.635,71820.341,105715.58885584492,89891.81814415508,64.67660747635843,0.012263675572221189,1
2025-01-04,98174.17,98778.43,97514.79,98174.18,15253.82936,2025-01-04 23:59:59.999,881223751.6353604,1559982,4350.80221,426524714.1305539,0,0.0122636755722211,0.0410942721255986,0.0231203936452724,54.127163404072355,-316.25303897947015,97641.4125,96948.6068,71978.69025,105381.21268485862,89901.61231514139,78.78018557495622,0.0004718144831972193,1
2025-01-05,98220.51,98836.85,97276.79,98220.5,8990.05651,2025-01-05 23:59:59.999,793931715.9546323,1685799,3877.90985,380355340.4686036,0,0.0004718144831972,0.0306453305351521,0.0229024084975075,54.226518909665195,-127.35479514027249,97329.23799999998,97092.3754,72143.91614999999,104419.53072636652,90238.94527363344,79.32944001422942,0.0014570278098766654,1
2025-01-06,98363.61,102480.0,97920.0,98363.61,8095.63723,2025-01-06 23:59:59.999,2540561688.777143,3853702,12539.59534,1260943259.466256,0,0.0014570278098766,0.0493439174210728,0.0222793355418285,54.55402387744817,33.50992348177533,96944.4855,97247.9092,72310.86235000001,102831.21093920656,91057.76006079344,81.02641330447933,0.039364049367443865,2
2025-01-07,102235.6,102724.38,96181.81,102235.6,25263.43375,2025-01-07 23:59:59.999,3170421659.717236,4480562,14815.11453,1464336049.7055345,0,0.0393640493674438,0.1017711107794256,0.0234235373866075,62.39392949942776,468.0383506246144,96749.5785,97495.5014,72497.6904,101567.49094412698,91931.66605587302,97.7679448013846,-0.05165509861535522,0
2025-01-08,96954.6,97268.65,92500.9,96954.61,32059.87537,2025-01-08 23:59:59.999,3205849081.112962,5171208,15803.85091,1503791328.6993084,0,-0.0516550986153552,0.0361055185090193,0.0251983608237167,49.78033152876916,381.8715245898056,96587.1085,97625.312,72661.74565,101139.9628246225,92034.2541753775,48.45626156318647,-0.01953491432743626,1
2025-01-09,95060.61,95382.32,91203.67,95060.61,33704.67894,2025-01-09 23:59:59.999,3217669887.245398,6027161,15323.62663,1427812152.272761,0,-0.0195349143274362,0.0049562440884141,0.0244856996276818,46.17494103490492,158.92177171820367,96467.046,97680.3084,72815.73865,101047.85640672488,91886.23559327514,31.53637730448557,-0.026384429891623817,0
2025-01-10,92552.49,95836.0,92206.02,92552.49,34544.83685,2025-01-10 23:59:59.999,2962085343.283704,5531444,15617.43823,1469711545.6571271,0,-0.0263844298916238,-0.0457009805351951,0.0249155591024895,41.85214029450532,-217.6429836281168,96204.3985,97645.627,72962.45104999999,101043.2391856306,91365.5578143694,11.707785370866954,0.02348526765730452,2
2025-01-11,94726.1,95050.94,93831.73,94726.11,31482.86424,2025-01-11 23:59:59.999,665685994.93301,1496191,3412.37671,322346977.43545526,0,0.0234852676573045,-0.0351219638401868,0.0236949727929204,46.524474723209416,-336.7979003965738,96076.1045,97573.8068,73134.61510000001,100928.83961566848,91223.3693843315,30.574851723548292,-0.0013314174940783907,1
2025-01-12,94599.99,95450.1,93711.19,94599.99,7047.9043,2025-01-12 23:59:59.999,813278829.6583949,1658863,4028.33031,380691769.9184427,0,-0.0013314174940783,-0.0368610422467814,0.0236315056671396,46.29204504682564,-436.37559415651776,96046.7905,97487.9666,73298.585,100927.67388074186,91165.90711925816,29.48012752686254,-0.0005806554525006336,1
2025-01-13,94545.07,95940.0,89256.69,94545.06,8606.86622,2025-01-13 23:59:59.999,3930666134.3474574,5740963,19473.88042,1797888178.849608,0,-0.0005806554525006,-0.0388207590185029,0.0234445772683419,46.183824353454966,-513.8012448897352,96029.97,97425.4198,73466.98535,100929.0857758215,91130.8542241785,29.003333995908218,-9.476962625010188e-05,1
2025-01-14,94536.11,97371.0,94346.22,94536.1,42619.56423,2025-01-14 23:59:59.999,2676048470.3569503,4532923,14248.69616,1369464111.693496,0,-9.476962625010188e-05,-0.0753113396898927,0.0234444215159465,46.16486608716173,-569.3218402517814,95823.596,97358.141,73631.1335,100607.95840917836,91039.23359082162,39.20056074946782,0.021417849900725594,2
2025-01-15,96560.85,100681.94,96500.0,96560.86,27846.61753,2025-01-15 23:59:59.999,3006242382.8867946,3487945,15494.17873,1527728226.3083327,0,0.0214178499007255,-0.0040611787309545,0.0230885842497848,51.05445268207225,-444.8135677832761,95680.159,97429.158,73811.79860000001,100187.4736819386,91172.8443180614,54.23476483346436,0.04076693186038316,2
2025-01-16,100497.35,100866.66,97335.13,100497.35,30509.99179,2025-01-16 23:59:59.999,2765162040.639799,3762755,13513.53707,1342462621.6273284,0,0.0407669318603831,0.0571923533838043,0.0242024098310127,58.87493025712381,-28.173256672234857,95915.4465,97599.8018,74009.35195,100888.67752401186,90942.21547598812,83.46390509434062,-0.005075258203325772,1
2025-01-17,99987.3,105865.22,99950.77,99987.3,27832.85317,2025-01-17 23:59:59.999,4040993985.4750466,3886907,20673.213,2131223293.2048464,0,-0.0050752582033257,0.0803307398860906,0.0242071763240226,57.59093766506865,257.8876509694237,96199.86,97682.2856,74195.4284,101415.49997866635,90984.22002133363,79.67669288497135,0.04090699518838892,2
2025-01-18,104077.47,104988.88,102277.55,104077.48,39171.85292,2025-01-18 23:59:59.999,2521522119.379525,3403162,11607.51274,1204170928.374812,0,0.0409069951883889,0.0987200888962926,0.0231655673827715,64.31240049345155,805.3527193385962,96638.734,97850.9556,74401.31585,102858.21055390056,90419.25744609944,89.23601306075851,0.0045999384304846735,1
2025-01-19,104556.23,106422.43,99651.6,104556.23,24307.82998,2025-01-19 23:59:59.999,4513423971.410252,5271920,21079.51082,2193270771.0019445,0,0.0045999384304846,0.1052456770872807,0.022516986061383,65.01140927335399,1263.291417128261,97179.6355,97992.8802,74613.41965,104134.22534834345,90225.04565165658,92.1185679888587,-0.030841395103859304,0
2025-01-20,101331.57,109588.0,99550.0,101331.57,43397.28298,2025-01-20 23:59:59.999,9398787064.320717,11597937,44770.529492,4704453254.515383,0,-0.0308413951038593,0.0717806937771261,0.0233273803458075,56.92381885545725,1350.440979018982,97606.6115,98091.3518,74819.0346,104479.3559776358,90733.8670223642,70.34290394704809,0.009162396279856155,1
2025-01-21,102260.0,107240.81,100119.04,102260.01,89529.231732,2025-01-21 23:59:59.999,4768512258.156502,6842980,23227.02741,2411854258.5127187,0,0.0091623962798561,0.0817032858347233,0.0233331698166094,58.5236874130634,1477.3944992579345,98040.812,98192.8484,75045.0846,104937.3440317712,91144.27996822882,63.957118355875714,0.03797975376689289,2
2025-01-22,106143.82,106394.46,103339.12,106143.82,45941.02002,2025-01-22 23:59:59.999,2331144640.658579,4364035,10501.59306,1100173331.9876585,0,0.0379797537668928,0.099242695228688,0.0237912471644384,64.46863249850298,1869.8427045818096,98618.4135,98398.9124,75292.65974999999,106166.94032795476,91069.88667204524,83.05972413976279,-0.022960922265658046,0
2025-01-23,103706.66,106850.0,101262.28,103706.66,22248.69254,2025-01-23 23:59:59.999,5610760848.131639,6961383,27045.92646,2813824950.5718837,0,-0.022960922265658,0.0319342748838651,0.0242637921984268,58.77545818575377,1961.590299014104,98954.507,98556.05180000002,75520.0424,106775.8065883284,91133.20741167164,71.07249852567297,0.0019640011547956693,1
2025-01-24,103910.35,107120.0,102750.0,103910.34,53953.12031,2025-01-24 23:59:59.999,2483818574.373748,4798886,11893.4605,1251601023.3484683,0,0.0019640011547956,0.0392353828936273,0.0232578286147051,59.10052511090694,2027.3659892500727,99241.315,98662.5122,75760.30505,107342.79424976182,91139.83575023816,72.07430313147553,0.009240273874573157,1
2025-01-25,104870.51,105286.52,104106.09,104870.5,23609.24017,2025-01-25 23:59:59.999,949511531.3578016,1770765,4462.60438,467284996.37609667,0,0.0092402738745731,0.0076195157684448,0.0232720236331317,60.67475547200399,2132.3897238879435,99573.815,98821.0096,76001.08445000001,108018.98362675463,91128.64637324533,76.79687142638619,-0.0011790732379457491,1
2025-01-26,104746.86,105500.0,102520.44,104746.85,9068.32377,2025-01-26 23:59:59.999,1024352365.4715524,1813011,4642.17247,484871090.3361497,0,-0.0011790732379457,0.0018231338295193,0.0221144746984904,60.35258803297774,2180.5087214089144,99892.977,98921.1298,76234.5687,108609.200643252,91176.753356748,76.1886961538632,-0.020304667873067395,0
2025-01-27,102620.01,103260.0,97777.77,102620.0,9812.51238,2025-01-27 23:59:59.999,5092886322.829244,9368910,23529.22433,2361569760.8418937,0,-0.0203046678730673,0.0127149909944155,0.0222692156344802,54.94810957675934,2023.6964405901963,99912.197,98976.89,76459.03945,108650.66547851871,91173.72852148127,65.72773716991182,-0.0052345546677060595,1
2025-01-28,102082.83,103800.0,100272.68,102082.83,50758.1341,2025-01-28 23:59:59.999,2253977324.036209,5428644,10756.64741,1101357650.2919877,0,-0.005234554667706,-0.001732642114938,0.0222718686268433,53.64158064762822,1834.9245802269288,100168.608,98996.3548,76682.75415,108845.62997173693,91491.5860282631,50.75922890895946,-0.0073206238502596666,1
2025-01-29,101335.52,104782.68,101328.01,101335.52,22022.05765,2025-01-29 23:59:59.999,2380383694.772136,5189699,11675.17182,1200636637.8143668,0,-0.0073206238502596,-0.0452998582489305,0.0220668010111521,51.79639718280176,1606.501104669078,100482.3535,99077.5358,76899.98625,108846.02334956196,92118.68365043803,36.94621026894869,0.023661199942527578,2
2025-01-30,103733.25,106457.44,103278.54,103733.24,23155.35802,2025-01-30 23:59:59.999,2038112603.5126412,3990075,10140.92834,1066933244.9920208,0,0.0236611999425275,0.000256299836481,0.0222446277122118,56.917054683368,1600.5002494067303,101041.391,99220.34059999998,77122.63235,108672.77273781762,93410.0092621824,52.217235635406254,0.00954081835292131,1
2025-01-31,104722.94,106012.0,101560.0,104722.94,19374.07472,2025-01-31 23:59:59.999,2282174002.1952176,4331904,10697.39968,1111485874.1292844,0,0.0095408183529213,0.007820203456172,0.0222531180151725,58.85974252647251,1656.5098328973982,101541.2325,99292.2994,77342.2575,108750.45069019894,94332.01430980107,58.80639073074784,-0.021899499765762886,0
2025-02-01,102429.56,102783.71,100279.51,102429.56,21983.18193,2025-02-01 23:59:59.999,1250354228.2372296,2588786,5625.89331,572540016.1490111,0,-0.0218994997657628,-0.0232757543827863,0.0227040386206642,52.90637398503216,1498.5666879639175,101932.711,99340.80479999998,77530.7846,108404.2997470339,95461.12225296612,39.387801931037714,-0.01751359666096397,1
2025-02-02,100635.66,101456.6,96150.0,100635.65,12290.95747,2025-02-02 23:59:59.999,3412084312.583628,7202339,15587.16669,1536076091.303013,0,-0.0175135966609639,-0.0392489129744714,0.0225932483828343,48.75252382102037,1214.6404440648766,102237.2405,99325.0328,77708.7429,107798.8503418748,96675.6306581252,24.198343300680776,-0.029165211334154395,0
2025-02-03,97700.59,102500.01,91231.0,97700.59,34619.49939,2025-02-03 23:59:59.999,7228589180.71162,10625262,36736.56946,3537845694.481266,0,-0.0291652113341543,-0.047938121223933,0.0231700915209337,42.82778201409528,744.213210878268,102395.465,99250.6446,77876.80589999999,107200.2637070552,97590.6662929448,11.538845066230069,0.03713314320824468,2
2025-02-04,101328.51,101732.31,96150.0,101328.52,75164.7385,2025-02-04 23:59:59.999,3989698644.2649302,6618911,19091.58154,1891457194.3598328,0,0.0371331432082446,-0.0073891956169318,0.0241371054814855,50.78870966248813,656.5713249243418,102633.848,99187.9352,78063.5089,106668.44042327689,98599.25557672314,63.07082969754173,-0.03518644109279401,0
2025-02-05,97763.14,99149.0,96155.0,97763.13,40267.98697,2025-02-05 23:59:59.999,2562342153.829685,4471763,11032.55174,1078316288.1425588,0,-0.035186441092794,-0.0352530879596808,0.0250402076669447,44.26529709463347,296.0051598615828,102497.137,99022.0246,78219.02455,106973.18776581838,98021.08623418162,41.11102020265596,-0.011770285996367091,1
2025-02-06,96612.44,99120.0,95676.64,96612.43,26233.30444,2025-02-06 23:59:59.999,2289071921.21756,4242807,11261.53049,1096611639.3760087,0,-0.011770285996367,-0.0686454023801822,0.0239937439563133,42.3736367472997,-81.65670917461102,102328.3935,98831.5984,78366.3869,107386.7758426932,97270.01115730678,33.86890301466419,-0.0006011648811647952,1
2025-02-07,96554.35,100137.99,95620.34,96554.35,23515.20405,2025-02-07 23:59:59.999,3107592434.6738343,5012456,15249.3537,1491114588.559852,0,-0.0006011648811647,-0.0780019162945577,0.0220536079518432,42.2754354907362,-381.2482395115221,101952.237,98758.60520000002,78508.33194999999,107526.93986436716,96377.5341356328,33.50336710932095,-0.0004924687494659574,1
2025-02-08,96506.8,96880.0,95688.0,96506.8,31794.22065,2025-02-08 23:59:59.999,977040267.5158632,1757892,4450.52682,428452764.9047411,0,-0.0004924687494659,-0.057822761320072,0.02174093058923,42.189230678791986,-615.4194015759131,101549.7655,98739.504,78653.2059,107466.1647181156,95633.3662818844,34.648939607682436,-0.0006430634939713631,1
2025-02-09,96444.75,97323.09,94713.0,96444.74,10147.24294,2025-02-09 23:59:59.999,1359495152.3107977,2293192,6663.72875,641795598.1752762,0,-0.0006430634939713,-0.0416443874511665,0.0211333545575879,42.068658249056206,-796.8241649987176,101305.424,98712.29,78805.74955000001,107627.42556987613,94983.42243012389,34.241359109548945,0.00018673905907151678,1
2025-02-10,96462.75,98345.0,95256.0,96462.75,14120.91613,2025-02-10 23:59:59.999,1999112052.6687863,3475919,9607.62329,933665618.5050192,0,0.0001867390590715,-0.0126697290159659,0.0207250949211325,42.1203544815995,-928.4330917260086,101015.561,98695.7052,78961.1833,107659.33048894348,94371.79151105652,34.35964020480164,0.010035687350816946,1
2025-02-11,97430.82,98478.42,94876.88,97430.82,20572.87537,2025-02-11 23:59:59.999,1806534846.3863196,3716586,8594.50066,832320054.8763715,0,0.0100356873508169,-0.0384659718705059,0.0207883659373297,44.96334287468877,-943.740107347374,100579.911,98740.5962,79119.33765,106958.84311011188,94200.97888988812,40.71746251914437,-0.016961983897908373,1
2025-02-12,95778.21,98119.99,94088.23,95778.2,18647.76379,2025-02-12 23:59:59.999,2800142168.394366,4992737,13820.70553,1328044257.0401337,0,-0.0169619838979083,-0.0203034620515935,0.0210500044966173,41.23932546235461,-1076.81084485873,100183.488,98758.5308,79258.6887,106719.39986671032,93647.57613328968,29.86384210623098,0.021839938524633062,2
2025-02-13,97870.0,98083.91,95217.36,97869.99,29151.16625,2025-02-13 23:59:59.999,1916988246.3921185,3909456,8852.16215,851823567.0939348,0,0.021839938524633,0.0130165445585004,0.0214014319070585,47.20026374777609,-1001.9307577823492,99881.4705,98742.659,79408.55615,106256.88068926628,93506.06031073377,43.60172174191737,-0.0128931248485874,1
2025-02-14,96608.13,98826.0,96252.82,96608.14,19921.77616,2025-02-14 23:59:59.999,1768073218.8690157,3499564,9061.31682,881925349.6444213,0,-0.0128931248485874,0.0005570955632758,0.0212093998075467,44.281969277826605,-1032.5064074201364,99468.3525,98686.2298,79550.34745,105561.63114091053,93375.07385908948,36.378729449969555,0.009236695789816451,1
2025-02-15,97500.47,97972.26,97223.58,97500.48,18173.02646,2025-02-15 23:59:59.999,717245393.778092,1694327,3579.14202,349322778.2339769,0,0.0092366957898164,0.0102964765177169,0.0198704566043123,46.78753267332779,-973.5114160261584,99106.034,98720.4074,79703.9264,104745.62113717214,93466.44686282786,54.268478997568465,0.0007095349684433927,1
2025-02-16,97569.67,97704.47,96046.18,97569.66,7349.37683,2025-02-16 23:59:59.999,794694242.2949731,1596701,3719.73063,360842416.66441673,0,0.0007095349684433,0.0116638813065388,0.0198557870091377,46.986568124124915,-910.67748925279,98853.517,98785.82,79860.83469999999,104289.72720016204,93417.30679983798,56.24859681551446,-0.014876960727340904,1
2025-02-17,96118.12,97046.59,95205.0,96118.12,8191.4249,2025-02-17 23:59:59.999,1584593526.1754675,2831237,8010.41565,769979077.1361973,0,-0.0148769607273409,-0.0035726744261386,0.018390141225849,43.324831868310646,-966.8629028719153,98555.2815,98802.1824,80018.2853,103903.86921505458,93206.6937849454,43.367784747728486,-0.0035177550289164916,1
2025-02-18,95780.01,96753.91,93388.09,95780.0,16492.0451,2025-02-18 23:59:59.999,2223994802.892005,4234248,11432.47367,1088319233.5219896,0,-0.0035177550289164,-0.0169435092509742,0.0183419554282201,42.494085676166705,-1026.8369687801023,98277.5055,98843.0184,80170.4152,103596.64497724638,92958.36602275362,22.13176732844245,-0.0011302986009604776,1
2025-02-19,95671.74,96899.99,95029.99,95671.74,23368.19471,2025-02-19 23:59:59.999,1576817572.1032505,2784225,7173.61807,688586919.9759259,0,-0.0011302986009604,-0.0011115264225052,0.0175585782310969,42.2149728249866,-1070.7594766138063,97874.4305,98900.6122,80341.28225,102675.30145610796,93073.559543892,33.832353071897444,0.01016632497746972,1
2025-02-20,96644.37,98711.36,96415.09,96644.37,16438.50954,2025-02-20 23:59:59.999,1663386824.7315507,2386973,8356.42859,815056614.173827,0,0.0101663249774697,-0.0125229398715582,0.0175810655561419,45.66778590975294,-1015.380592704445,97470.502,98961.9796,80521.01415,101119.87486354331,93821.12913645669,48.241899879998144,0.017182894357943512,1
2025-02-21,98305.01,99475.0,94871.95,98305.0,17057.39177,2025-02-21 23:59:59.999,3143975917.573464,4528525,15313.58184,1493403646.8483028,0,0.0171828943579435,0.0175643584484703,0.0163264734521364,51.04619801387291,-827.9493806078826,97264.274,99036.2438,80721.73415,100157.13218493728,94371.41581506272,72.84419028430047,-0.02159625654849706,0
2025-02-22,96181.99,96980.0,95770.49,96181.98,32249.2814,2025-02-22 23:59:59.999,1087077133.8226364,1506418,5293.28051,510722895.1675426,0,-0.021596256548497,-0.0135230103482567,0.0162690838898271,44.92358303804733,-841.0239650837029,97041.5905,99020.1876,80932.55,99517.73943479406,94565.44156520595,45.89997223550205,0.0038367893861199764,1
2025-02-23,96551.01,96650.0,95227.94,96551.01,11268.17708,2025-02-23 23:59:59.999,1044392011.791024,1457368,4619.93267,443381984.4110255,0,0.0038367893861199,-0.010440233162645,0.0162899054471421,46.1330341920512,-812.2449761108146,96984.1115,98987.7242,81135.195,99449.75056172696,94518.47243827303,51.96265428600056,-0.003034768875022631,1
2025-02-24,96258.0,96500.0,91349.26,96258.0,10884.84913,2025-02-24 23:59:59.999,2981809595.445377,4972684,14438.63366,1366473567.8747733,0,-0.0030347688750226,0.0014552927169195,0.0161430949265173,45.28275615896673,-803.8149992675462,96730.5855,98948.4742,81340.8142,98197.87715169092,95263.29384830908,47.14888178073935,-0.04888030085811046,0
2025-02-25,91552.88,92540.69,86050.99,91552.88,31550.10299,2025-02-25 23:59:59.999,6962982500.904473,10289145,35822.15275,3183981371.4750504,0,-0.0488803008581104,-0.0441336395907286,0.018203189595479,34.33817598231752,-1163.3872396408551,96420.073,98812.2596,81490.14864999999,99049.85815482674,93790.28784517328,2.5058640813022537,-0.0313750916410277,0
2025-02-26,88680.39,89414.15,82256.01,88680.4,78333.11111,2025-02-26 23:59:59.999,4898429925.636476,8490006,28077.1845,2417690848.8189874,0,-0.0313750916410277,-0.0730763337219539,0.0186453185783417,29.629848349451834,-1660.9891118462692,96023.4715,98541.15559999998,81629.36069999999,100296.60926370884,91750.33373629118,19.587366219184805,-0.04995816437454048,0
2025-02-27,84250.09,87078.46,82716.49,84250.09,56893.54409,2025-02-27 23:59:59.999,3618738891.2221622,6357581,20355.71969,1732725913.2817628,0,-0.0499581643745404,-0.1282462703207646,0.0203964436248936,24.133527825085324,-2385.334520419201,95408.2585,98287.0652,81745.99359999999,102072.48345108885,88744.03354891116,11.580702468611696,0.005442011990729023,1
2025-02-28,84708.57,85120.0,78258.52,84708.58,42505.45439,2025-02-28 23:59:59.999,6806705236.690679,11344216,40224.85287,3274291175.8103995,0,0.005442011990729,-0.1383085295763185,0.0205045640117012,25.670216621112218,-2889.083606675267,94818.3475,98080.0246,81875.97355,102922.36993100667,86714.32506899332,14.24340219722531,-0.0042338096093689215,1
2025-03-01,84349.95,86558.0,83824.78,84349.94,83648.03969,2025-03-01 23:59:59.999,2194003507.852643,3700728,11748.10769,1000093822.5383524,0,-0.0042338096093689,-0.1230172221449381,0.0197431557658371,25.23955977813073,-3279.444245688719,94213.6075,97915.9736,82000.99005000001,103465.6785274111,84961.5364725889,28.71079462757252,0.02032710396711601,2
2025-03-02,86064.54,95000.0,85050.6,86064.53,25785.05464,2025-03-02 23:59:59.999,4972549515.788669,7403218,29273.81031,2652973441.154539,0,0.020327103967116,-0.108610774760409,0.0201429191089658,31.183578241119704,-3411.133358925028,93693.6965,97742.742,82128.37695,103531.85450481554,83855.53849518445,36.792201156836555,0.09534090292481712,2
2025-03-03,94269.99,94416.46,85117.11,94270.0,54889.09045,2025-03-03 23:59:59.999,5321123743.471923,9797860,27915.4365,2513464571.356911,0,0.0953409029248171,-0.0206528288557834,0.0271653181181627,51.185933847006154,-2820.8678680540324,93535.6555,97736.1422,82306.31,103229.08893872357,83842.22206127642,75.46718400036198,-0.08538654927336375,0
2025-03-04,86221.16,88967.52,81500.0,86220.61,59171.10218,2025-03-04 23:59:59.999,4704901219.590435,10326631,27584.7159,2335087296.239287,0,-0.0853865492733637,-0.0582425151453455,0.0310192883232442,39.160908365623115,-2968.3790889607626,93057.776,97569.6532,82449.70775,103194.11427037168,82921.4377296283,37.527855704622056,0.012309933784973248,1
2025-03-05,87281.98,91000.0,86334.53,87281.98,55609.10706,2025-03-05 23:59:59.999,3400243670.3049755,8070266,19230.28436,1709708737.4698937,0,0.0123099337849732,-0.0157692116860095,0.0308137414408207,41.12496967138949,-2965.455184098959,92528.3755,97424.5708,82591.74465,102709.96560882706,82346.78539117293,42.530429175810475,0.038083806073143656,2
2025-03-06,90606.0,92810.64,87836.0,90606.01,38264.01163,2025-03-06 23:59:59.999,3105145628.3993993,7643526,17283.99411,1563426526.4289937,0,0.0380838060731436,0.0754411063537143,0.0308572073605218,46.90594389594441,-2664.20522804941,92228.269,97305.4738,82747.31474999999,102263.94155577933,82192.59644422068,58.197636931291115,-0.007440124556858829,1
2025-03-07,89931.88,91283.02,84667.03,89931.89,34342.44902,2025-03-07 23:59:59.999,5097554826.613157,9510442,28394.41537,2497922400.4504447,0,-0.0074401245568588,0.0616621126218854,0.0302777021762075,45.92116274828051,-2451.5978239872347,91849.8395,97094.1646,82904.83745,101629.27290064064,82070.40609935936,55.02029554384138,-0.034805673493573885,0
2025-03-08,86801.74,86897.25,85218.47,86801.75,57980.35713,2025-03-08 23:59:59.999,1119358968.6520057,2553974,6491.56581,559581591.3470743,0,-0.0348056734935738,0.0290671220394465,0.0308125608766806,41.55821542110961,-2506.784412554058,91311.444,96830.4536,83041.6537,100956.71283966658,81666.1751603334,45.633304631898746,-0.006673828580645025,1
2025-03-09,86222.46,86500.0,80000.0,86222.45,12989.23054,2025-03-09 23:59:59.999,2173552660.454479,5189138,12093.87232,1006299692.7104127,0,-0.006673828580645,0.0018349022529955,0.0308154964674389,40.785887980774746,-2567.6663903479493,90816.6605,96473.353,83177.69695,100440.10651972528,81193.2144802747,43.30227909880007,-0.0636502442229373,0
2025-03-10,80734.48,84123.46,77459.91,80734.37,26115.39345,2025-03-10 23:59:59.999,3834924947.7581863,8701538,22898.57072,1846606255.3521488,0,-0.0636502442229373,-0.1435836427283335,0.0327154430356486,34.28528141389596,-3023.900345709568,90064.379,95996.9158,83275.58865,100347.88871314871,79780.86928685127,13.572637746498597,-0.026488223045525672,0
2025-03-11,78595.86,83617.4,76606.0,78595.86,47633.38405,2025-03-11 23:59:59.999,3927000827.110792,6983310,24029.1677,1935950413.2018192,0,-0.0264882230455256,-0.0884330324269336,0.0329251530961173,32.13591635836514,-3517.4815888480516,89210.58499999999,95542.2016,83366.68875,100294.429160601,78126.74083939899,6.47630656399139,0.055182677560879245,2
2025-03-12,82932.99,84539.85,80607.65,82932.99,48770.06853,2025-03-12 23:59:59.999,2638600996.825396,5253577,15749.41702,1301890518.499408,0,0.0551826775608792,-0.049826894394467,0.0347762371128485,40.30902009960462,-3518.12339941127,88525.01599999999,95155.66120000002,83461.1675,99378.632442136,77671.39955786397,34.397031640752445,0.009008839546240877,1
2025-03-13,83680.12,84336.33,79939.9,83680.12,31933.986,2025-03-13 23:59:59.999,2260870111.2393894,4367093,13013.18135,1067945431.1219468,0,0.0090088395462408,-0.0764396313224696,0.0347620003449585,41.6135014435712,-3418.93355413276,87793.772,94706.38719999998,83558.78305,97854.94016105238,77732.60383894762,38.45884527563334,-0.030644554525017353,0
2025-03-14,81115.78,85309.71,80818.84,81115.78,27546.27412,2025-03-14 23:59:59.999,2244729595.5411716,3290987,14082.88688,1177807467.01818,0,-0.0306445545250173,-0.0980309654339522,0.0350202881120817,38.503282020124416,-3506.8212416879687,87040.462,94254.5696,83643.26195,96725.70384936724,77355.22015063275,24.517668805045115,0.03534971863674374,2
2025-03-15,83983.19,84676.28,83618.0,83983.2,26858.52755,2025-03-15 23:59:59.999,953445671.8337504,1329670,5195.29128,437551330.253166,0,0.0353497186367437,-0.0324711195338803,0.0354604955442523,43.58114978895689,-3306.975284739048,86412.07149999999,93856.0268,83749.00795,95130.0802596906,77694.06274030938,40.10655648581058,0.004229893597767154,1
2025-03-16,84338.44,85117.04,81981.12,84338.44,11324.7332,2025-03-16 23:59:59.999,1468056556.296723,2767947,8505.95317,710037465.075748,0,0.0042298935977671,-0.0218505737194895,0.0354582190259672,44.19591694876242,-3084.3762553945708,85816.09349999999,93445.3856,83873.62514999999,93303.04518558225,78329.14181441774,42.03783842557357,-0.020914662400679962,0
2025-03-17,82574.52,84756.83,82456.0,82574.53,17596.12531,2025-03-17 23:59:59.999,1437716814.046874,3014756,8387.89111,700505421.7877294,0,-0.0209146624006799,0.0227927709103323,0.0355000350875053,41.76252312108556,-3015.536488752681,85367.176,93001.9392,83991.3233,92492.32447358345,78242.02752641658,33.51137477639543,0.017384295133135996,1
2025-03-18,84010.02,84021.74,81134.66,84010.03,17214.74358,2025-03-18 23:59:59.999,1450813055.479726,3126371,8047.23418,662808749.3427887,0,0.0173842951331359,0.068886198331566,0.0357209793111484,44.443402953645894,-2812.72428994489,85133.6575,92629.7398,84114.5784,92113.80761367716,78153.50738632283,45.69080214062144,-0.015414826063030795,1
2025-03-19,82715.03,87000.0,82547.16,82715.03,17610.89883,2025-03-19 23:59:59.999,2375813941.9437623,3774761,13804.24847,1166238970.2811463,0,-0.0154148260630307,-0.0026281459284177,0.0357265751364541,42.54086903110699,-2725.0768488283065,85056.9045,92242.3838,84232.5336,92107.63105892792,78006.17794107209,37.69926391453311,0.04994146771149088,2
2025-03-20,86845.93,87453.67,83655.23,86845.94,28151.05374,2025-03-20 23:59:59.999,1885241921.155652,3252595,10163.59262,867440339.2962606,0,0.0499414677114908,0.0378324027259999,0.0370785353777472,49.90734539461,-2295.8209123543056,85163.77249999999,91952.59219999998,84371.89335000001,92254.8179478636,78072.72705213638,63.191406905676416,-0.030197727147636355,0
2025-03-21,84223.38,84850.33,83175.25,84223.39,22090.30463,2025-03-21 23:59:59.999,1005135519.2560016,2360005,5466.41961,459501348.0817583,0,-0.0301977271476363,0.0383107947676766,0.0374171890818793,45.885384455686854,-2142.552347739591,85157.445,91562.3952,84506.50100000002,92251.6091210429,78063.28087895711,51.90011323824589,-0.0015981308755205204,1
2025-03-22,84088.79,84539.17,83625.1,84088.79,11956.97443,2025-03-22 23:59:59.999,456235443.80165213,864481,2284.19178,192291026.7874248,0,-0.0015981308755205,0.0012572752645767,0.0373298779410227,45.68190360820756,-2008.7909099617973,85058.658,91149.7122,84631.2843,92154.57042569808,77962.74557430192,68.9806198013029,-0.0029516419489445944,1
2025-03-23,83840.59,86129.64,83809.75,83840.59,5420.22114,2025-03-23 23:59:59.999,718692319.1499039,1206533,4424.81013,376007261.5213597,0,-0.0029516419489445,-0.0059030022371768,0.0371171148917799,45.283129459738994,-1900.8992887973,84537.1875,90777.9328,84763.0486,90246.05961855616,78828.31538144384,66.69257084701137,0.02674015056430301,2
2025-03-24,86082.5,88765.43,85519.09,86082.5,8461.97813,2025-03-24 23:59:59.999,2636765917.9518437,2916713,14379.95578,1258638667.112904,0,0.026740150564303,0.0424824700788488,0.0374031066785309,49.56574868077745,-1615.8643230553423,84530.28199999999,90486.8698,84903.6066,90231.32102846989,78829.24297153011,87.35977403442399,0.01644538669299811,1
2025-03-25,87498.16,88539.63,86310.0,87498.16,30115.62111,2025-03-25 23:59:59.999,1979571590.8982935,2802815,9440.56294,825308072.6337814,0,0.0164453866929981,0.0415203994094515,0.0375532987305385,52.11444564193825,-1261.2017792625702,84541.09099999999,90282.8212,85060.1974,90263.736389516,78818.44561048398,89.57788317380017,-0.0012033395902268929,1
2025-03-26,87392.88,88275.0,85860.0,87392.87,22643.25248,2025-03-26 23:59:59.999,1606406955.5864632,2380154,8590.97753,749604853.2968135,0,-0.0012033395902268,0.0565536880056742,0.0375540484615948,51.90435376593089,-977.3587973250688,84380.434,90004.10819999999,85227.34690000002,89568.43050782544,79192.43749217455,84.4478461916735,-0.005534776464029556,1
2025-03-27,86909.17,87756.39,85800.0,86909.17,18408.78485,2025-03-27 23:59:59.999,1487968807.7079022,2376381,8185.05517,712324893.2889168,0,-0.0055347764640295,0.000728070880458,0.036529307219065,50.88938658906656,-782.4224576609413,84229.298,89787.02900000001,85391.08844999998,88913.218132835,79545.37786716499,78.96715551360661,0.003714682811951864,1
2025-03-28,87232.01,87515.67,83585.0,87232.01,17098.03897,2025-03-28 23:59:59.999,2309946560.6641135,3236085,11274.83736,958523321.8112732,0,0.0037146828119518,0.0357219057556339,0.0360852146373031,51.57008981347137,-595.0244427370635,84250.811,89599.42060000001,85552.89875,88985.47155664279,79516.15044335721,80.7034212158926,-0.0321857767578666,0
2025-03-29,84424.38,84624.73,81644.81,84424.38,27182.73169,2025-03-29 23:59:59.999,970199917.9868716,2172387,5621.60485,466215575.48490685,0,-0.0321857767578666,0.0039909005706946,0.0353742879381883,45.64478334093177,-665.3922151729203,84160.9075,89356.82119999999,85689.81065,88809.91096307337,79511.90403692663,43.11124565410837,-0.02103468216171689,0
2025-03-30,82648.53,83534.64,81565.0,82648.54,11696.39864,2025-03-30 23:59:59.999,816584795.5288126,1907663,4725.07105,391214080.11011606,0,-0.0210346821617168,-0.0142180535704722,0.0355808729134027,42.331735923273726,-854.6032936890697,84256.616,89079.656,85814.8734,88693.48561438006,79819.74638561993,19.83915122589191,-0.0031283069247198814,1
2025-03-31,82390.0,83943.08,81278.52,82389.99,9864.49508,2025-03-31 23:59:59.999,1696009191.0809648,3964358,9912.88184,817875871.1107411,0,-0.0031283069247198,-0.0428950135044868,0.0355771341296656,41.85539994094979,-1013.731594022931,84446.32250000001,88798.56100000002,85940.13335,88165.17777775793,80727.46722224209,16.450895519062996,0.0019422262340362817,1
2025-04-01,82550.0,85579.46,82432.74,82550.01,20569.13885,2025-04-01 23:59:59.999,1698895702.5754683,3328693,10246.42648,862302772.4330863,0,0.0019422262340362,-0.0565514749110154,0.035369570831378,42.2882386048836,-1114.0871387970546,84427.17349999999,88520.3062,86062.2218,88180.78283083397,80673.56416916601,18.547931597990676,0.031596967704788925,2
2025-04-02,85158.35,88500.0,82320.0,85158.34,20190.39697,2025-04-02 23:59:59.999,3417279759.830764,5338238,20739.67809,1777735583.840748,0,0.0315969677047889,-0.0255687906805212,0.0310461423665745,48.95809507305728,-971.9452193033212,84501.0845,88274.8566,86185.5235,88251.15580180372,80751.01319819628,51.82137891333005,-0.0310251468030025,0
2025-04-03,82516.28,83998.02,81211.24,82516.29,39931.457,2025-04-03 23:59:59.999,2259299724.8643928,4117486,13951.52792,1153439398.6198013,0,-0.0310251468030025,-0.0505456443779178,0.027443788349646,43.47691513501001,-1060.2659921295565,84571.11,88009.61839999999,86298.13979999999,88112.18963987155,81030.03036012845,16.53245464417218,0.008444393222235336,1
2025-04-04,83213.09,84720.0,81659.0,83213.09,27337.84135,2025-04-04 23:59:59.999,2739842666.426737,4992586,15896.18779,1323832046.264688,0,0.0084443932222353,-0.046071619810205,0.0273876796985976,45.21885223344542,-1061.7951903024805,84532.6045,87716.48039999999,86418.54525000001,88114.92642191767,80950.28257808233,26.499862989943257,0.00813309540602325,1
2025-04-05,83889.87,84266.0,82379.95,83889.87,32915.53976,2025-04-05 23:59:59.999,779626577.9013437,1575750,4029.64658,335654613.7277184,0,0.0081330954060232,-0.0063312280173097,0.0264345653582663,46.92958873840426,-996.9049018020304,84510.176,87462.115,86546.92465,88102.68205548397,80917.66994451605,35.45886455066651,-0.004194546969735313,1
2025-04-06,83537.99,83817.63,77153.83,83537.99,9360.40468,2025-04-06 23:59:59.999,2239085051.1529646,3948493,12493.8449,1001459573.494466,0,-0.0041945469697353,0.0107618355992737,0.0264191268359869,46.1230928312715,-962.7743919876956,84558.349,87182.8652,86663.04465,88070.6845823766,81046.0134176234,30.80078737760109,-0.061145713465215135,0
2025-04-07,78430.0,81243.58,74508.0,78430.0,27942.71436,2025-04-07 23:59:59.999,6084614024.150647,9736596,39075.84274,3034375055.6843963,0,-0.0611457134652151,-0.0480639699070239,0.027937005197079,36.3558876608934,-1332.5371618825884,84279.3475,86800.07200000001,86746.3947,88692.5476363215,79866.14736367851,10.990475042199174,0.009348973607038236,1
2025-04-08,79163.24,80867.99,76239.9,79163.24,78387.53089,2025-04-08 23:59:59.999,2775277777.102461,5512751,15704.73031,1235370767.1153505,0,0.0093489736070382,-0.041026887822303,0.0280173084493919,38.37333113816177,-1548.5596492716722,84101.758,86460.9744,86827.47094999999,89010.49273140861,79193.0232685914,33.17675850916824,-0.03588559538492875,0
2025-04-09,76322.42,83588.0,74620.0,76322.42,35317.32063,2025-04-09 23:59:59.999,5980231256.222496,7741252,39491.62958,3137004042.959261,0,-0.0358855953849287,-0.1037587158227837,0.0263344129594044,33.89094676814614,-1926.778753074832,83575.58200000001,86071.82280000001,86893.07780000001,89370.90294928811,77780.26105071191,12.967552887364196,0.0824502158081466,2
2025-04-10,82615.22,82753.21,78464.36,82615.22,75488.28772,2025-04-10 23:59:59.999,2690294353.847842,4529545,16339.9191,1321475356.0200849,0,0.0824502158081466,0.0011989147839779,0.0300270327766039,48.29791365401246,-1699.156925535135,83495.1735,85810.6924,86989.4091,89296.93278413138,77693.41421586863,57.94182389937108,-0.036408787630172745,0
2025-04-11,79607.3,84300.0,78969.58,79607.3,33284.80718,2025-04-11 23:59:59.999,2830363945.1787524,4423157,18019.58367,1482515278.9177043,0,-0.0364087876301727,-0.0433320046161005,0.0290847079609745,43.426313663000286,-1741.405158368303,83271.099,85469.951,87069.5518,89305.35199646855,77236.84600353145,36.4443967981704,0.047942085713244875,2
2025-04-12,83423.83,85905.0,82792.95,83423.84,34435.43797,2025-04-12 23:59:59.999,1557403252.9267516,2501196,9526.72644,803747272.783468,0,0.0479420857132448,-0.0055552595325275,0.0303843399734098,50.27914521954402,-1450.2072193245697,83250.2615,85172.3278,87169.97105000001,89279.38037281754,77221.14262718245,63.720983419096605,0.022212595344448305,2
2025-04-13,85276.91,86100.0,83034.23,85276.9,18470.74437,2025-04-13 23:59:59.999,2086106375.4392552,3275879,11658.67909,986303246.0931836,0,0.0222125953444483,0.0208157988958075,0.030056435602964,53.240752304396615,-1057.7116577453126,83209.9815,84954.22619999999,87275.04205,89173.27943040099,77246.683569599,76.96469411092049,-0.017787935537056265,1
2025-04-14,83760.0,85799.99,83678.0,83760.0,24680.04181,2025-04-14 23:59:59.999,2429132805.0815287,3921522,15196.58929,1288815999.1406171,0,-0.0177879355370562,0.0679586892770622,0.0295916706004446,50.58456308041498,-859.1534638271405,83023.0735,84698.406,87378.082,88662.57639523508,77383.57060476491,66.12349914236707,0.009928127984718316,1
2025-04-15,84591.58,86496.42,83600.0,84591.58,28659.09348,2025-04-15 23:59:59.999,1780972414.3956008,2910533,10439.36072,889895753.1673651,0,0.0099281279847183,0.0685714733252453,0.0296358176963696,51.99840945572779,-627.460138519993,82883.00899999999,84465.0776,87475.16995000001,88212.03694949979,77553.9810505002,72.06675242995999,-0.011201942320973268,1
2025-04-16,83643.99,85500.0,83111.64,83643.99,20910.99528,2025-04-16 23:59:59.999,1753910031.2009242,3264730,10456.769,878939829.4848368,0,-0.0112019423209732,0.0959294791753198,0.0294460202679568,50.2346314602067,-514.3747111309785,82719.75,84306.8998,87564.54015,87736.297499936,77703.202500064,65.2943825042882,0.004619459210398746,1
2025-04-17,84030.38,85470.01,83736.26,84030.38,20867.24519,2025-04-17 23:59:59.999,1161659427.386263,2003405,6424.41565,543726754.4187016,0,0.0046194592103987,0.0171295313381723,0.029290590148237,50.96501338063105,-389.0900633346755,82559.6685,84213.8994,87655.40205,87178.61823023146,77940.71876976854,79.42981643953087,0.010919027142326287,1
2025-04-18,84947.92,85132.08,84303.96,84947.91,13728.84772,2025-04-18 23:59:59.999,552648483.6474872,840009,2911.78856,246467088.2621466,0,0.0109190271423262,0.0670869380069416,0.0291941551454646,52.73882062018878,-213.3052245958679,82585.845,84227.8558,87752.13154999999,87252.45677629062,77919.23322370938,87.08328537038246,-0.005570707978571843,1
2025-04-19,84474.7,85677.99,84364.45,84474.69,6529.96315,2025-04-19 23:59:59.999,823222752.2842493,875226,5416.30087,461342923.999082,0,-0.0055707079785718,0.0125965191724572,0.0277269736904119,51.70005194914888,-110.90097516123204,82677.1525,84223.17800000001,87857.86705,87416.00026993197,77938.30473006802,83.13597621704949,0.007130183016948566,1
2025-04-20,85077.0,85320.76,83949.52,85077.01,9666.58153,2025-04-20 23:59:59.999,685253644.8918362,944130,3843.48314,325482835.7378329,0,0.0071301830169485,-0.0023440110979643,0.0271830391047532,52.969790253755185,18.642422260905732,82811.50349999999,84237.7194,87979.22320000001,87661.23010730118,77961.7768926988,88.160157885693,0.0012016172171542827,1
2025-04-21,85179.24,88465.99,85144.76,85179.24,8091.67725,2025-04-21 23:59:59.999,2773299591.467066,3041395,17216.39877,1502705225.134135,0,0.0012016172171542,0.0169441260744986,0.0271797172030414,53.19469488490388,128.07918750889075,82942.965,84220.01359999999,88101.873,87898.59605146197,77987.33394853803,89.01289744603548,0.02743614523914495,2
2025-04-22,87516.22,93888.0,87076.03,87516.23,31773.37262,2025-04-22 23:59:59.999,3967785064.1281705,3268475,22777.77047,2062639579.2030857,0,0.0274361452391449,0.0345737719995298,0.0275987222989811,58.124651462995466,398.7872037287307,83060.85949999999,84084.9382,88235.6906,88324.3237527154,77797.39524728458,93.14054105195794,0.0677218385664009,2
2025-04-23,93442.99,94696.05,91935.41,93442.99,43872.74705,2025-04-23 23:59:59.999,2560279933.947952,3016536,13128.05774,1226992558.5765462,0,0.0677218385664009,0.1171512741082771,0.0298022028648869,67.479728139661,1079.1257668214384,83607.1945,84229.3858,88392.47555,90536.01429607296,76678.37470392704,97.69041934814202,0.0026549878166355345,1
2025-04-24,93691.07,94005.0,91660.01,93691.08,27404.16808,2025-04-24 23:59:59.999,1811120137.314679,2797383,8565.18128,795787487.3608981,0,0.0026549878166355,0.1149667536907483,0.0296964268551443,67.80396908262462,1619.647481303502,84131.094,84357.56779999999,88550.64095,92329.66379637846,75932.52420362153,93.80859294380312,0.0030887678955136,1
2025-04-25,93980.47,95758.04,92855.96,93980.47,19497.06071,2025-04-25 23:59:59.999,2596877713.640173,3331828,13072.22136,1234153095.7292683,0,0.0030887678955136,0.1063305736421296,0.0296872959639479,68.20223145290572,2047.7608760537987,84635.624,84425.05700000002,88706.44375,93887.04272021414,75384.20527978585,95.4498371217444,0.007003689170739236,1
2025-04-26,94638.68,95199.0,93870.69,94638.68,27500.66648,2025-04-26 23:59:59.999,889627361.8414446,1475983,4156.22463,392757114.43835795,0,0.0070036891707392,0.1203199443525626,0.0296534803479095,69.1373481628684,2412.347827769234,85190.65849999999,84519.19279999999,88868.51715,95394.95960003637,74986.35739996363,91.3663538008606,-0.0001128502637609552,1
2025-04-27,94628.0,95369.0,93602.58,94628.0,9415.06875,2025-04-27 23:59:59.999,1052334792.1866188,1918160,5250.08719,495112239.1081697,0,-0.0001128502637609,0.1122628780677648,0.0296597077546234,69.10183819869968,2669.6497662611655,86000.5585,84675.7178,89030.85469999998,96497.00509620592,75504.11190379408,91.11869793717452,-0.009285835059390402,1
2025-04-28,93749.29,95630.0,92800.01,93749.3,11162.841,2025-04-28 23:59:59.999,2092532996.5551715,3424740,11626.77592,1098667305.239998,0,-0.0092858350593904,0.1006120740217921,0.0290067914463224,66.09400570273762,2770.720518455564,86729.8615,84826.25480000001,89196.42109999999,97251.58539850838,76208.13760149162,84.11611209514177,0.013460153835815225,1
2025-04-29,95011.18,95461.53,93742.54,95011.18,22157.53351,2025-04-29 23:59:59.999,1607154803.4675477,3020875,7112.68469,674688527.813066,0,0.0134601538358152,0.0856406863047003,0.02866599402843,68.23250508841295,2918.994634636867,87664.29950000001,85111.791,89369.84504999999,97627.58489175556,77701.01410824445,94.09428770242914,-0.007939697201950202,1
2025-04-30,94256.82,95228.45,92910.0,94256.82,16955.3402,2025-04-30 23:59:59.999,1664825670.9831252,3214149,8393.2162,791272380.0312446,0,-0.0079396972019502,0.0087093745608954,0.0287267200883353,65.57004323964537,2941.7220517631213,88246.3795,85425.01019999999,89528.42915,98321.36892138844,78171.39007861154,88.12926998987864,-0.0008998818334843284,1
2025-05-01,94172.0,97424.02,94130.43,94172.0,17661.2751,2025-05-01 23:59:59.999,2053857614.2732673,2925716,10925.87308,1049157198.8587636,0,-0.0008998818334843,0.0051330393459014,0.0287414565932573,65.26168563478214,2919.238266870423,88974.6145,85649.79040000001,89683.25805,98539.13036441932,79410.09863558068,86.80694539410973,0.024613579407891883,2
2025-05-02,96489.9,97895.68,96350.0,96489.91,21380.45343,2025-05-02 23:59:59.999,1446387651.5840576,2698263,7440.33531,722022817.2246199,0,0.0246135794078918,0.0267017179207551,0.0285444999932875,69.48493288087991,3053.25959475369,89627.918,85905.98619999998,89851.3575,99369.91243896236,79885.92356103766,93.06757208059668,0.004116803508263045,1
2025-05-03,96887.13,96935.67,95753.01,96887.14,14905.74811,2025-05-03 23:59:59.999,935906144.9651498,1181239,3929.4049,378271292.4443145,0,0.004116803508263,0.0237583618030177,0.0277435774565626,70.15457941355726,3155.154941730565,90208.43,86221.4134,90005.37325,100223.99130239284,80192.86869760718,92.7683319279286,-0.010638357164841517,1
2025-05-04,95856.42,96304.48,94151.38,95856.42,9723.34838,2025-05-04 23:59:59.999,1053542403.8531588,1674726,4385.33486,418573470.8569623,0,-0.0106383571648415,0.0129815699370166,0.0278976026486247,66.1011408385837,3116.808618800991,90813.251,86458.87779999999,90149.28465,100657.62719907246,80968.87480092754,85.37762366128027,-0.016470466975503584,1
2025-05-05,94277.61,95199.0,93514.1,94277.62,11036.38342,2025-05-05 23:59:59.999,1626999380.1759968,2623300,8399.64855,792299650.3395202,0,-0.0164704669755035,0.0056354554114004,0.0281656245963572,60.34925107893659,2925.301857317114,91297.553,86657.66140000001,90282.5727,100817.64131614663,81777.46468385335,71.62510626684193,0.0048374152847727725,1
2025-05-06,94733.68,96920.65,93377.0,94733.68,17251.18189,2025-05-06 23:59:59.999,1526847764.5636685,2512960,7505.95734,711372483.6117135,0,0.0048374152847727,-0.0029207089102566,0.0281201854441924,61.39429052917683,2778.3050287207298,91852.0375,86900.8444,90419.1322,100799.0066928218,82905.06830717821,70.77539476785292,0.022170995574119168,2
2025-05-07,96834.02,97732.0,95784.61,96834.02,16122.64513,2025-05-07 23:59:59.999,1611730124.5924544,2849139,8316.74471,805430612.4055353,0,0.0221709955741191,0.0273423185717489,0.0253867529897631,65.85733315654433,2799.023467527324,92492.2195,87157.3242,90561.16229999998,100926.51202998769,84057.92697001231,82.97440371283295,0.0020290389679165077,1
2025-05-08,97030.5,104145.76,96876.29,97030.5,16644.83854,2025-05-08 23:59:59.999,3508645830.5650144,4991147,18547.23009,1861334478.364427,0,0.0020290389679165,0.0303540330459159,0.0254021012722532,66.2503956565885,2799.031777503682,93096.349,87443.63360000002,90704.4248,100996.55643292874,85196.14156707126,86.12530810642652,0.06421795208723036,2
2025-05-09,103261.61,104361.3,102315.14,103261.6,34962.02847,2025-05-09 23:59:59.999,2847518447.981513,4406929,14525.20381,1497826622.326188,0,0.0642179520872303,0.0701802913900531,0.02612382801585,75.77518998404774,3264.2082964024885,94035.6945,87771.94679999999,90875.57285,102078.30989587498,85993.07910412505,92.20712601634985,-0.002804624371499198,1
2025-05-10,102971.99,104984.57,102818.76,102971.99,27617.39907,2025-05-10 23:59:59.999,1588386278.502415,2227845,8258.23478,856095289.5216646,0,-0.0028046243714991,0.0628034845491363,0.0223916552805475,74.71969654980283,3568.361087033729,94930.4435,88146.91880000001,91053.5453,102766.33714224122,87094.5498577588,87.98308839238531,0.017845046988020696,1
2025-05-11,104809.53,104972.0,103345.06,104809.53,15324.78611,2025-05-11 23:59:59.999,1873381777.2124257,3100176,9071.95578,944903285.107308,0,0.0178450469880206,0.0934012557531358,0.0208521965663007,76.91671658538485,3912.576736821342,95911.958,88561.3336,91240.46295,103531.00140405596,88292.91459594406,98.56342781356072,-0.006597968715249425,1
2025-05-12,104118.0,105819.45,100718.37,104118.0,17987.12197,2025-05-12 23:59:59.999,3242348937.383069,5298407,16455.99797,1707457796.5881395,0,-0.0065979687152494,0.104376627241969,0.0197243830927343,74.2997510652265,4082.508807317965,96742.0465,88966.8818,91427.7097,104135.54432259484,89348.54867740517,92.88796640994828,-0.01274208110028996,1
2025-05-13,102791.32,104976.25,101429.7,102791.32,31272.77792,2025-05-13 23:59:59.999,2197244118.1523666,3703531,10705.97845,1106609664.707795,0,-0.0127420811002899,0.0850557056371084,0.0198631458950471,69.41995752860284,4063.290129703426,97209.463,89301.0582,91600.6749,104886.17352810693,89532.7524718931,76.54330742208235,0.012767615008738131,1
2025-05-14,104103.72,104356.95,102602.05,104103.72,21253.42409,2025-05-14 23:59:59.999,1704708279.3884108,3025221,8026.03333,831783471.654361,0,0.0127676150087381,0.0750738221959597,0.0193553355557756,71.41966352609533,4106.620338071487,97730.095,89633.1694,91787.70184999998,105784.78344488246,89675.40655511754,86.70950350324765,-0.005724099004339123,1
2025-05-15,103507.83,104192.7,101383.07,103507.82,16452.9081,2025-05-15 23:59:59.999,1850183474.5292037,4139477,8475.18036,871244345.564136,0,-0.0057240990043391,0.0667555047124357,0.0194966740969336,69.20673062725919,4046.233232512881,98206.4625,89955.4684,91969.77715,106442.65006894823,89970.27493105175,81.42142423718809,0.0024721803627976158,1
2025-05-16,103763.71,104550.33,103100.49,103763.71,17998.98604,2025-05-16 23:59:59.999,1628832372.324148,3237442,7555.15801,784850382.1942747,0,0.0024721803627976,0.0048625045515466,0.0192160226181094,69.6417334030739,3973.2233551377576,98662.714,90292.5592,92148.4872,107067.05273113633,90258.37526886367,83.47801277079682,-0.002889353127408567,1
2025-05-17,103463.9,103709.86,102612.5,103463.9,15683.88024,2025-05-17 23:59:59.999,1160418362.950618,2568597,5335.11525,550379728.7338501,0,-0.0028893531274085,0.0047771243422602,0.0193019830013516,68.4221529748259,3846.8265183892945,99104.509,90617.197,92315.99565,107542.9136009028,90666.1043990972,81.06843909358685,-0.00325959102643536,1
2025-05-18,103126.65,106660.0,103105.09,103126.65,11250.89622,2025-05-18 23:59:59.999,2262214972.0749383,3193300,11664.89904,1221914552.0552013,0,-0.0032595910264353,-0.0160565551624933,0.0193795312240598,67.00076972489589,3677.0560449437617,99573.3765,90991.2424,92467.9468,107809.10331894878,91337.64968105122,78.35796004806124,0.0322672170578604,2
2025-05-19,106454.27,107108.62,102000.0,106454.26,21599.98726,2025-05-19 23:59:59.999,3150324504.595452,4881371,14208.309,1480452895.0841565,0,0.0322672170578604,0.0224385793042509,0.0197830948729601,72.96783099726221,3767.5915880283865,100145.5305,91467.3568,92638.4944,108620.45466512852,91670.60633487148,98.45110291349842,-0.008271345834351629,1
2025-05-20,105573.73,107320.0,104184.72,105573.74,30260.03524,2025-05-20 23:59:59.999,2509102444.6695986,3878351,12350.46275,1307273652.3895233,0,-0.0082713458343516,0.027068627973646,0.020002978840309,69.39215194021514,3725.347565225413,100711.3765,91931.0318,92814.90305,109048.1218017608,92374.6311982392,88.82229482027618,0.012088706907607882,1
2025-05-21,106850.0,110797.38,106100.01,106849.99,23705.48275,2025-05-21 23:59:59.999,4914709514.320027,6835279,23661.649395,2555528481.098726,0,0.0120887069076078,0.0263801331979298,0.0199852304209608,71.56700963463375,3751.6054098643945,101345.276,92417.0314,93001.67295,109523.16289459296,93167.38910540704,95.9254953668667,0.02614880918566298,2
2025-05-22,109643.99,111980.0,109177.37,109643.99,45531.040345,2025-05-22 23:59:59.999,3509432834.573417,5794216,16584.56293,1840083098.582786,0,0.0261488091856629,0.0592821875680504,0.0199428896120523,75.6467321397529,3952.3076481443422,102002.98,92906.7444,93203.0192,110617.2908178344,93388.6691821656,91.71480106801982,0.018717122570968137,1
2025-05-23,111696.22,111800.0,106800.0,111696.21,31630.77313,2025-05-23 23:59:59.999,3469704446.3904047,5251192,14309.31652,1565622441.187517,0,0.0187171225709681,0.0764477291723666,0.0165835310196731,78.12905276860515,4228.222306077121,102743.4335,93490.3428,93417.6203,111993.87365758544,93492.9933424146,97.48002731398569,-0.03919479452346686,0
2025-05-24,107318.3,109506.03,106875.41,107318.3,31737.72309,2025-05-24 23:59:59.999,1819958819.7748585,2805418,8786.90747,953683093.321657,0,-0.0391947945234668,0.0372535734686205,0.0185289913166136,63.305019676374265,4046.9749035335553,103316.5275,93972.447,93614.96175,112202.27934699936,94430.77565300064,58.605459422836695,0.004133591381898505,1
2025-05-25,107761.9,109299.99,106600.64,107761.91,16782.53129,2025-05-25 23:59:59.999,1904366455.425858,3151168,7867.16712,846688135.0097136,0,0.0041335913818985,0.0449472566014701,0.0185268392757768,64.04937356391534,3894.240273010437,103990.742,94449.8878,93806.91125,112037.49541202652,95943.98858797346,62.54458724003546,0.011528006509906819,1
2025-05-26,109004.2,110422.22,108670.58,109004.19,17710.04695,2025-05-26 23:59:59.999,1605578282.1079032,2887863,7301.11288,800269021.1922797,0,0.0115280065099068,0.0239532922402543,0.0185643172734664,66.1218757952974,3829.29684142668,104704.2675,94959.2118,93974.07225,111817.77990335818,97590.75509664182,73.57567243818171,0.003950306864350717,1
2025-05-27,109434.78,110718.0,107516.57,109434.79,14649.11593,2025-05-27 23:59:59.999,2327603851.119265,3735509,9969.89271,1090553624.461599,0,0.0039503068643507,0.036572068016156,0.0185413965714699,66.83555090015511,3769.126382591232,105334.306,95579.3076,94141.95675,111745.364738551,98923.24726144904,75.9816286415027,-0.004538044985511469,1
2025-05-28,108938.17,109284.7,106769.43,108938.17,21276.65635,2025-05-28 23:59:59.999,1689136748.5130312,2933262,6877.27341,743282966.7207197,0,-0.0045380449855114,0.019543099629677,0.0184350223669118,65.1314060409095,3639.414867747604,105929.6895,96174.8062,94304.09870000002,111267.3553222329,100592.02367776712,71.2951769993762,-0.010615103962183348,1
2025-05-29,107781.78,108891.91,105322.86,107781.78,15633.78829,2025-05-29 23:59:59.999,2128639017.5081615,3774926,9457.49356,1015173771.5489898,0,-0.0106151039621833,-0.0169841502484541,0.0185855393814221,61.217254548596934,3404.0665883943584,106155.69849999998,96803.9934,94459.6203,111404.38059034848,100907.01640965148,60.38267686962163,-0.02033766746104948,0
2025-05-30,105589.75,106313.12,103621.0,105589.75,19834.70116,2025-05-30 23:59:59.999,2493078549.591861,4307572,11070.98746,1164158558.6435854,0,-0.0203376674610494,-0.054670252464251,0.0190020357090161,54.52778223485508,3006.02133718149,106286.5865,97263.484,94585.719,111338.02160199871,101235.15139800128,35.96943887775551,-0.015193425498213675,1
2025-05-31,103985.47,104900.0,103068.55,103985.48,23706.49799,2025-05-31 23:59:59.999,1174000801.507038,2343787,5278.95175,548980630.8493577,0,-0.0151934254982136,-0.0310554677068124,0.0193049786835431,50.20392509008332,2531.929914297536,106245.384,97751.0476,94662.40645,111357.4173576484,101133.35064235162,19.89458917835667,0.005831583409529939,1
2025-06-01,104591.88,105866.91,103752.49,104591.88,11289.35922,2025-06-01 23:59:59.999,1016188486.9505996,1939359,4640.3507,485683466.9347843,0,0.0058315834095299,-0.029416980452555,0.0188964616822028,51.76103023754071,2180.0106523309514,106269.078,98174.4084,94745.6058,111345.72078692896,101192.43521307105,25.970741482965977,0.0100490592577549,1
2025-06-02,105642.93,105935.63,103659.88,105642.93,9709.70006,2025-06-02 23:59:59.999,1409004206.9863732,2997656,6494.65497,680177826.6144172,0,0.0100490592577549,-0.030836062356869,0.0189410370396254,54.42134602402728,1963.2914510485136,106411.6585,98581.729,94821.94444999998,111243.88752110658,101579.4294788934,36.50230460921836,0.0020357254385126033,1
2025-06-03,105858.0,106794.67,104872.5,105857.99,13453.98813,2025-06-03 23:59:59.999,1402493746.5993218,2470698,6260.22436,662160926.8241225,0,0.0020357254385126,-0.0326843045068208,0.018765515143226,54.96857838707745,1788.2792967554417,106499.372,99023.6888,94914.60645,111223.31700578886,101775.42699421114,31.301752240095645,-0.004544767948078454,1
2025-06-04,105376.9,106000.0,104179.0,105376.89,13259.52634,2025-06-04 23:59:59.999,1476928482.368878,2274464,6979.9491,734803757.4185839,0,-0.0045447679480784,-0.0326908373805067,0.0184519749765904,53.42331847462956,1592.403913229471,106592.8255,99439.395,94986.33055,111147.25616534035,102038.39483465966,25.90307974572036,-0.00645331248625769,1
2025-06-05,104696.86,105909.71,100372.26,104696.86,14034.89482,2025-06-05 23:59:59.999,2301567892.5305448,3963295,10005.36019,1031668517.0427113,0,-0.0064533124862576,-0.028621906225709,0.0185466610576688,51.23103087870757,1366.545833108219,106639.483,99860.4524,95056.88025,111095.0737721802,102183.8922278198,18.27211059928517,-0.030451534076571196,0
2025-06-06,101508.69,105333.0,101095.8,101508.68,22321.50154,2025-06-06 23:59:59.999,1642382404.9355752,2709327,7655.60679,793575821.4357933,0,-0.0304515340765711,-0.0386502477749971,0.0191972350035406,42.438294851005125,919.69057565587,106541.722,100210.0184,95115.14370000002,111344.03630496148,101739.40769503852,9.94439845498758,0.027384456186406947,2
2025-06-07,104288.43,105900.0,103871.09,104288.44,15839.07385,2025-06-07 23:59:59.999,877915380.954823,1402494,3970.01912,417664199.1912712,0,0.0273844561864069,0.0029134836902229,0.0197599029129977,50.427141013476145,780.8567349093646,106599.8115,100596.829,95184.2655,111261.53196833188,101938.09103166813,37.85306802606682,0.012117450409652175,1
2025-06-08,105552.15,106488.14,104964.14,105552.15,8344.93206,2025-06-08 23:59:59.999,850887129.4282976,1295154,4361.42266,461098506.088324,0,0.0121174504096521,0.0091811142509341,0.0161093895607491,53.58119530688699,763.993905436655,106554.706,101018.37819999998,95250.4723,111238.59130775782,101870.8206922422,50.06785401527582,0.0017228450581063814,1
2025-06-09,105734.01,110530.17,105318.37,105734.0,8048.06305,2025-06-09 23:59:59.999,2154922022.221173,2839846,10623.88217,1146790065.5135615,0,0.0017228450581063,0.0008620548483462,0.0160951017301561,54.0344147772273,756.5823563576123,106562.719,101431.51799999998,95307.7095,111240.40833904438,101885.0296609556,51.825582316973,0.042834093101556725,2
2025-06-10,110263.02,110400.0,108331.03,110263.02,19975.37451,2025-06-10 23:59:59.999,1867620550.1921728,3003420,8009.29581,876411274.3969488,0,0.0428340931015567,0.0416126359474613,0.0175750866712165,63.57351633001813,1103.442910710408,106733.3705,101933.1936,95367.439,111681.72683189771,101785.01416810228,95.60224788173689,0.00010311707406529536,1
2025-06-11,110274.39,110392.01,108064.0,110274.39,17071.82839,2025-06-11 23:59:59.999,1434884639.7506304,2667014,6030.96867,659947218.0033869,0,0.0001031170740652,0.0464760347358894,0.0175065811883625,63.59394260797476,1363.5319158505154,106764.8905,102388.3568,95424.35095,111794.37148624028,101735.40951375976,97.48196233280272,-0.014774690660270262,1
2025-06-12,108645.13,108813.55,105671.72,108645.12,13115.91638,2025-06-12 23:59:59.999,1908309274.0868344,3517420,8291.22648,890420511.4704415,0,-0.0147746906602702,0.0377113506555975,0.0175696811570646,58.52915195913898,1421.7962712639855,106612.33599999998,102692.3994,95479.21455,111199.93424760072,102024.73775239925,81.4425408376329,-0.027367911232460296,0
2025-06-13,105671.74,106179.53,102664.31,105671.73,17778.67218,2025-06-13 23:59:59.999,2735461890.6929703,5452577,12793.70705,1337300355.9952192,0,-0.0273679112324602,0.0410117637230629,0.0182366607453008,50.6076833695978,1214.0486719866312,106530.0075,102932.0124,95518.073,111123.06929463422,101936.94570536575,52.1708697950661,0.003736666372359032,1
2025-06-14,106066.59,106252.0,104300.0,106066.59,26180.81734,2025-06-14 23:59:59.999,925568614.1784064,1521776,3848.55498,405001275.9262716,0,0.003736666372359,0.0170503077809964,0.0182042468189687,51.545554248633465,1068.946949795121,106445.2415,103173.7348,95583.35590000002,111006.70069112128,101883.78230887874,56.05808675209763,-0.0061466103511010894,1
2025-06-15,105414.63,106128.57,104494.53,105414.64,8798.93969,2025-06-15 23:59:59.999,754596887.8748003,1564768,3356.46912,353608577.6853774,0,-0.006146610351101,-0.0013027683472103,0.0182477502551998,49.862067249151494,891.0741252884327,106265.764,103389.254,95650.6033,110690.78893388114,101840.73906611884,49.6399357741898,0.0017015663099546607,1
2025-06-16,105594.02,108952.38,104980.37,105594.01,7164.20047,2025-06-16 23:59:59.999,1599849840.7325244,2928998,7442.34921,797865030.1366178,0,0.0017015663099546,-0.0013239828248245,0.0182359701375728,50.34259971423582,755.869101811244,106073.725,103608.5742,95699.2578,110258.82180711855,101888.62819288144,51.40575177374084,0.011369205507016922,1
2025-06-17,106794.53,107771.34,103371.02,106794.53,14922.6654,2025-06-17 23:59:59.999,1883173484.8991,3723010,8082.6529,852365443.211356,0,0.0113692055070169,-0.031456511893108,0.018317967668818,53.551334527553294,737.0933244224434,105966.543,103869.47879999998,95755.01055000002,109958.03223316323,101975.05376683676,63.22432468883857,-0.02100631933114927,0
2025-06-18,104551.17,105550.27,103500.0,104551.17,17866.33025,2025-06-18 23:59:59.999,1461383024.362209,3468170,6656.31474,696386846.6904296,0,-0.0210063193311492,-0.051899811007796,0.0177898074367652,47.38904549877528,535.025540719842,105805.0125,104060.2786,95790.4664,109750.8022766264,101859.2227233736,41.139466681630395,0.0032100071190022117,1
2025-06-19,104886.79,105226.17,103929.27,104886.78,13968.64167,2025-06-19 23:59:59.999,803402575.962045,1718045,3583.19736,374871407.41073346,0,0.0032100071190022,-0.0345928100590251,0.0177391296484792,48.346660141145584,397.3854761013499,105769.864,104272.8778,95832.86035,109735.17330560912,101804.55469439086,44.443394359666534,-0.002175583996381625,1
2025-06-20,104658.59,106524.65,102345.0,104658.59,7678.60737,2025-06-20 23:59:59.999,1714411911.0114017,3029404,7113.97039,743649283.0800211,0,-0.0021755839963816,-0.0095876162905632,0.017592683880995,47.71077674815346,266.81601833926106,105803.5195,104482.6096,95870.2274,109718.78805364398,101888.25094635604,37.76394184243352,-0.013000366238452021,1
2025-06-21,103297.98,103982.64,100837.9,103297.99,16419.06283,2025-06-21 23:59:59.999,1144829784.7306418,2172578,4632.93703,475270667.42267615,0,-0.013000366238452,-0.0261024701557766,0.0169861856535556,43.99513209985971,52.939479997585295,105738.825,104618.77120000002,95907.51425,109772.99255890412,101704.65744109589,11.642885853317711,-0.011403706887229914,1
2025-06-22,102120.02,103399.62,98200.0,102120.01,11154.21332,2025-06-22 23:59:59.999,2892695407.808688,5121309,13142.02965,1322387353.31664,0,-0.0114037068872299,-0.031254007982193,0.016614969954843,41.0168097674656,-209.20082189401728,105562.679,104723.4286,95938.86585,109894.85206564392,101230.50593435609,13.228170490504288,-0.01132138549535977,1
2025-06-23,100963.87,106074.2,99613.33,100963.87,28746.41072,2025-06-23 23:59:59.999,2836166831.044449,4944207,13408.20163,1375654853.258466,0,-0.0113213854953597,-0.0438485099675635,0.015234460883642,38.27793152123646,-504.4250376564596,105317.973,104825.5776,95950.7486,110086.68000413632,100549.26599586368,22.415506031141465,0.043283404251441615,2
2025-06-24,105333.94,106290.0,104622.02,105333.93,27666.50609,2025-06-24 23:59:59.999,1543451113.4563613,2973481,6848.32158,721631005.2893264,0,0.0432834042514416,-0.0136767304467748,0.0173068115537562,51.46928108277806,-381.3688529956271,105315.825,105046.7038,95992.6901,110084.46261658135,100547.18738341864,58.47483606557371,0.007111383767794521,1
2025-06-25,106083.0,108135.3,105808.03,106083.0,14651.69335,2025-06-25 23:59:59.999,1789545470.94629,2988892,8576.13709,919352853.806412,0,0.0071113837677945,0.0146514859661541,0.017218507970541,53.311243446986694,-220.85635671723867,105385.132,105273.6902,96024.4009,110156.0626051502,100614.20139484982,64.65709919857352,0.01185467982617383,1
2025-06-26,107340.59,108272.45,106562.5,107340.58,16701.15551,2025-06-26 23:59:59.999,1136093974.6816013,2597742,4983.08998,535471528.1944927,0,0.0118546798261738,0.023394750034275,0.0173530690907113,56.30937177618525,7.737950699927751,105676.727,105483.8214,96061.94385,110169.05909119031,101184.39490880969,85.00983038173872,-0.0036660878858676416,1
2025-06-27,106947.06,107735.34,106356.76,106947.06,10573.27279,2025-06-27 23:59:59.999,1308420348.9100096,2304499,4862.2801,520251258.3787664,0,-0.0036660878858676,0.0218660503643322,0.0173468006586559,55.116656865224506,155.3559641954198,105809.658,105682.1526,96091.1312,110287.11777556452,101332.19822443547,81.34998949069875,0.0009399977895605538,1
2025-06-28,107047.58,107577.75,106811.51,107047.59,12232.44042,2025-06-28 23:59:59.999,352025390.60311353,653305,1514.41959,162441164.0132396,0,0.0009399977895605,0.0362988669963471,0.0172417474229568,55.37669155547071,277.26015181503317,105884.43,105757.8724,96139.9868,110392.03642549616,101376.82357450384,82.28494528653184,0.002327936574751499,1
2025-06-29,107296.79,108528.5,107172.52,107296.79,3282.17352,2025-06-29 23:59:59.999,736708189.9495683,1223202,3771.10895,406653127.0920804,0,0.0023279365747514,0.050693101185556,0.016815015311524,56.05633233898292,389.48867314873496,105962.56949999998,105844.3684,96193.50575,110511.03285351544,101414.10614648453,84.6025717097051,0.009880444699230884,1
2025-06-30,108356.93,108789.99,106733.33,108356.93,6831.7364,2025-06-30 23:59:59.999,1050407152.345058,1773485,4331.3813,466474537.7882122,0,0.0098804446992308,0.0732248080427186,0.0166213534791813,58.92262304437496,557.5479571207397,105867.26499999998,105915.3164,96229.6654,110121.67502109508,101612.8549789049,94.46215628539905,-0.011170766835125301,1
2025-07-01,107146.51,107540.0,105250.85,107146.5,9754.12491,2025-07-01 23:59:59.999,1117432945.8926363,2013289,4648.91727,494549276.18377846,0,-0.0111707668351253,0.0172078455631534,0.0167580836145458,54.54778299544526,586.3059949094022,105710.8705,105975.8864,96265.37645,109511.51596531156,101910.22503468844,84.48072188925576,-0.013676228341569674,1
2025-07-02,105681.13,109730.0,105100.19,105681.14,10505.62437,2025-07-02 23:59:59.999,1915699005.8772895,2444708,9248.43029,1002261738.2088752,0,-0.0136762283415696,-0.0037881658701205,0.0168727801588463,49.73363288194093,485.26085648273875,105562.67149999998,106033.6828,96286.6609,109117.2835651156,102008.05943488436,70.64350391265711,0.02998131927797143,2
2025-07-03,108849.59,110529.18,108530.4,108849.6,17691.89592,2025-07-03 23:59:59.999,1429459048.638326,2568944,6961.89686,763022147.911677,0,0.0299813192779714,0.0140582433968587,0.017730196936033,58.30278991660722,653.3190431116236,105721.565,106128.6004,96323.8089,109554.66810292251,101888.46189707745,92.36426712922814,0.006754090047184302,1
2025-07-04,109584.77,109767.59,107245.0,109584.78,13047.08225,2025-07-04 23:59:59.999,1276215111.6683652,1975212,4787.79822,518313226.966756,0,0.0067540900471843,0.0246637915993201,0.0177266008515527,60.00644153045742,836.1901688965154,105897.4745,106250.1396,96349.41285,110084.35643838724,101710.59256161278,92.3401231874302,-0.014605495398174795,1
2025-07-05,107984.25,108420.56,107756.31,107984.24,11793.86615,2025-07-05 23:59:59.999,403928702.1967476,710020,1803.68528,194976807.36330113,0,-0.0146054953981747,0.008749846680341,0.0179135355921939,54.76077246427244,842.2576301935478,106025.9545,106334.5502,96359.04075,110302.4301685749,101749.47883142508,79.35840015313273,0.001980659399927198,1
2025-07-06,108198.12,109700.0,107800.01,108198.12,3736.9757,2025-07-06 23:59:59.999,700733299.51122,1256591,3209.35902,348780644.233174,0,0.0019806593999271,0.0084003445023845,0.0168877203674888,55.32282517226461,854.4746140565403,106156.16,106429.2346,96369.36265,110529.57692920466,101782.74307079532,81.09314650284935,0.009295170747883663,1
2025-07-07,109203.85,109700.0,107513.2,109203.84,6447.607,2025-07-07 23:59:59.999,1020848316.053704,1961940,3920.92229,425664101.8022387,0,0.0092951707478836,0.0078159283397933,0.0162716388152808,57.96730750037542,934.5370986892958,106276.6255,106550.7784,96414.3618,110842.24652183184,101711.00447816816,87.85857262604381,-0.00861599738617247,1
2025-07-08,108262.94,109216.56,107429.57,108262.94,9405.37601,2025-07-08 23:59:59.999,1000112813.4398944,1723244,4371.98866,474674358.9974899,0,-0.0086159973861724,0.0104197523950853,0.0162525883130516,54.70494215656575,911.5565712797544,106462.214,106586.952,96468.3672,111033.95028633036,101890.47771366964,61.63570988427612,0.006096638424931022,1
2025-07-09,108922.99,111999.79,108324.53,108922.98,9216.0208,2025-07-09 23:59:59.999,1902054744.194924,2328484,8935.70327,983405508.7482138,0,0.006096638424931,0.0306756721208723,0.0162791531504857,56.55220492993081,935.8165390212234,106664.024,106653.9368,96523.9549,111295.71256585042,102032.3354341496,70.41438646967484,0.02121691859697572,2
2025-07-10,111234.0,116868.0,110500.0,111233.99,17282.2865,2025-07-10 23:59:59.999,2826460280.4452233,3227017,12900.135467,1465777460.9410756,0,0.0212169185969757,0.021905362996281,0.014778194368305,62.34301888944087,1128.5131343853864,106992.794,106741.6168,96593.6649,111931.69517961366,102053.89282038632,88.90080584381718,0.04293660597808269,2
2025-07-11,116010.01,118869.98,115222.22,116010.0,24883.450665,2025-07-11 23:59:59.999,3039521803.027247,3708194,12502.931168,1468374333.9502125,0,0.0429366059780826,0.0586324122747703,0.0166938195753204,70.95787989052717,1647.6179525836778,107628.3945,106868.937,96697.78355,113654.0461966376,101602.74280336242,92.70892375046844,0.013082148090681978,1
2025-07-12,117527.66,118200.0,116900.05,117527.66,25873.521148,2025-07-12 23:59:59.999,993093353.4068904,1441851,3784.55219,444996040.90597874,0,0.0130821480906819,0.0883778966263966,0.0165124194570718,73.0664602293122,2156.614628350624,108398.777,106985.566,96811.0145,115288.27285324612,101509.28114675388,90.25170318501594,-0.000916039679510372,1
2025-07-13,117420.0,119488.0,117224.79,117420.0,8446.60437,2025-07-13 23:59:59.999,1132096857.0116916,1650283,4766.474307,565024389.3723919,0,-0.0009160396795103,0.0852314254628454,0.0155252710908933,72.66342568154722,2522.2361306939565,109221.5835,107187.6,96904.7966,116291.09801158716,102152.06898841282,89.46984667159052,0.014193834099812674,1
2025-07-14,119086.65,123218.0,118905.18,119086.64,9550.792947,2025-07-14 23:59:59.999,3299746181.0770736,4076133,14099.580747,1705505292.664724,0,0.0141938340998126,0.0904986491317521,0.0156445625979357,74.9655771739198,2912.8996310405055,109909.219,107414.0946,97003.0818,117942.13647178609,101876.30152821392,97.21041631770228,0.006336059191862198,1
2025-07-15,119841.17,119940.83,115736.92,119841.18,27269.348877,2025-07-15 23:59:59.999,3755258445.553272,3805374,15667.30508,1837578524.9238648,0,0.0063360591918621,0.1069455531135583,0.0155314297368548,75.95294037979924,3245.9708107303595,110597.128,107630.8344,97123.3297,119509.7969287392,101684.4590712608,81.36187541430223,-0.01738208852749945,1
2025-07-16,117758.08,120063.84,117017.29,117758.09,32018.46083,2025-07-16 23:59:59.999,2023850383.7234871,2429625,8355.96881,992430971.3675904,0,-0.0173820885274994,0.0811133701997504,0.0160286002692683,67.98143844991918,3303.760472188442,111118.0035,107797.3004,97240.625,120417.74955379844,101818.25744620156,69.86440414156014,0.007407898684498093,1
2025-07-17,118630.44,120998.71,117453.57,118630.43,17039.90851,2025-07-17 23:59:59.999,1869114355.1231644,2347985,7696.17927,914659207.5744278,0,0.007407898684498,0.0664944231524913,0.0159800285135969,69.42846101054963,3380.975956553739,111702.172,107991.1456,97357.27715,121342.10051462664,102062.24348537334,71.27922118575091,0.004612054428193568,1
2025-07-18,119177.56,120820.71,116812.76,119177.56,15728.57651,2025-07-18 23:59:59.999,2367355518.470308,2805236,8951.37863,1063782057.4785626,0,0.0046120544281935,0.0273041979139729,0.0152875130655272,70.33402984073228,3446.5884761384805,112308.6705,108219.0612,97484.47395,122223.31212117152,102394.0288788285,74.70456395166842,-0.010511374792368633,1
2025-07-19,117924.84,118499.9,117277.34,117924.84,19924.66266,2025-07-19 23:59:59.999,783327898.4969696,1133382,2978.3832,351626384.05029035,0,-0.0105113747923686,0.0033794597799359,0.0155303256189052,65.54659921599534,3358.7848550024355,112840.073,108465.763,97610.13790000002,122762.52465014832,102917.62134985167,66.47443729363842,-0.0007194412983727583,1
2025-07-20,117840.01,118856.8,116467.02,117840.0,6635.80306,2025-07-20 23:59:59.999,1528864683.816082,1615935,6581.33371,776457462.9818255,0,-0.0007194412983727,0.0035769034236075,0.0155125331673802,65.22280595694995,3244.9482304086414,113314.2265,108742.8534,97731.4579,123240.75158950928,103387.7014104907,65.93708177443861,-0.004878479293957905,1
2025-07-21,117265.11,119676.73,116515.0,117265.12,12962.92889,2025-07-21 23:59:59.999,2020783266.9633648,2509543,8426.31812,995117241.6679094,0,-0.0048784792939579,-0.0152957544187997,0.0152732484155767,62.953471303570865,3072.921151534203,113820.1575,108996.3182,97844.82455,123465.14466948452,104175.17033051548,62.29593442793231,0.00098273041463659,1
2025-07-22,117380.36,120247.8,116128.0,117380.36,17107.33128,2025-07-22 23:59:59.999,2481252763.6519103,2778733,10811.45507,1280627214.6285224,0,0.0009827304146365,-0.0205340100956948,0.0149976999688089,63.22966097508163,2912.31599114502,114405.1185,109231.0668,97946.8024,123401.97057217373,105408.26642782633,63.0258360077601,0.02192922223104432,2
2025-07-23,119954.43,120090.0,117301.0,119954.42,20959.12973,2025-07-23 23:59:59.999,1722126986.886661,2101404,7070.08701,836266328.744683,0,0.0219292222310443,0.0186512026477332,0.0149968887059133,68.82106952725437,2958.6350707130914,114960.3595,109512.9954,98055.7036,123887.64179659305,106033.07720340694,78.0871751176858,-0.009990711471907332,1
2025-07-24,118756.0,119450.0,117103.1,118755.99,14558.75083,2025-07-24 23:59:59.999,1873181653.2018073,2081435,7651.73992,906619084.6035932,0,-0.0099907114719073,0.0010584130901321,0.0134924635574738,63.9456364850256,2865.6070553238096,115418.92,109780.5774,98158.38104999998,124134.26563059688,106703.57436940313,64.91578864601357,-0.0034945605691132364,1
2025-07-25,118340.98,118451.57,114723.16,118340.99,15806.89043,2025-07-25 23:59:59.999,4456778786.620495,3282355,17042.77355,1977873720.8964725,0,-0.0034945605691132,-0.0070195261591191,0.0135494744122848,62.2997562340714,2726.9599543171207,115936.7575,110053.46,98258.26795,124032.27675645528,107841.23824354468,39.00520024312831,-0.0061405604262733116,1
2025-07-26,117614.31,118297.35,117138.38,117614.31,38406.34873,2025-07-26 23:59:59.999,823629079.7493103,790372,3167.88355,373290310.2164352,0,-0.0061405604262733,-0.0026332874396945,0.0135761199774704,59.41592414337258,2529.2880665846315,116407.567,110375.5726,98335.1615,123703.88936796368,109111.24463203632,34.034190167207335,0.0025990034716014687,1
2025-07-27,117919.99,119766.65,117825.5,117919.99,6991.67206,2025-07-27 23:59:59.999,1107883542.1607983,1095080,5238.30358,622261561.2507277,0,0.0025990034716014,0.0006788017651053,0.013515874870729,60.24948043330188,2369.9778631864174,116843.3745,110648.2036,98439.9884,123366.82109801105,110319.92790198898,37.63260991378299,0.01268283689644134,1
2025-07-28,119415.56,119800.0,117427.5,119415.55,9328.30919,2025-07-28 23:59:59.999,1655882235.896518,1824777,7224.91774,857128354.2234088,0,0.0126828368964413,0.0183381895656611,0.0136134099196272,64.1311472736441,2337.4578136500786,117401.005,110925.4716,98561.76309999998,122683.9960597863,112118.01394021371,55.23812102405697,-0.011332108758030257,1
2025-07-29,118062.32,119273.36,116950.75,118062.32,13961.74754,2025-07-29 23:59:59.999,1788682083.6856463,1956694,7988.93736,944162800.0745872,0,-0.0113321087580302,0.005809830537238,0.0138879406666924,58.55901203406964,2177.3914749688993,117857.972,111172.038,98689.31225,121433.83624618516,114282.10775381482,53.20904143859904,-0.0009449246804570377,1
2025-07-30,117950.75,118792.0,115796.23,117950.76,15137.93445,2025-07-30 23:59:59.999,1832696878.222986,1997369,7803.61434,917632890.2336526,0,-0.000944924680457,-0.0167035112170106,0.013851237169991,58.11075129654268,2018.2704235808776,118193.8105,111325.7928,98805.4355,120081.12328015597,116306.49771984402,51.431348646732,-0.000936492482117024,1
2025-07-31,117840.29,118922.45,115500.0,117840.3,15586.73631,2025-07-31 23:59:59.999,2002870016.7022424,1859532,8313.51616,979519362.0685424,0,-0.000936492482117,-0.0077106847410391,0.0136161717660974,57.64026804402507,1861.7910764981643,118285.3255,111477.111,98921.63705,119897.6647397321,116672.98626026788,49.67118419899448,-0.017618930026484958,1
2025-08-01,115764.07,116052.0,112722.58,115764.08,17010.0073,2025-08-01 23:59:59.999,2810268577.15137,4160829,11487.2212,1318593418.0612547,0,-0.0176189300264849,-0.0217752952717398,0.0138030695031212,49.52399957208499,1552.3519176556,118197.1465,111619.4902,99027.73215,120127.18796382712,116267.10503617284,17.071118728013673,-0.021303240176054672,0
2025-08-02,113297.92,114063.49,112003.0,113297.93,24487.10206,2025-08-02 23:59:59.999,1301882737.326722,2165714,5060.00835,572586383.0717313,0,-0.0213032401760546,-0.0366994458412416,0.0135365133635656,41.9652341936957,1095.4932955692057,117991.043,111772.0142,99121.54129999998,120860.68035819096,115121.40564180902,7.645623649541026,-0.00663366047376146,1
2025-08-03,112546.35,114799.97,111920.0,112546.35,11507.33428,2025-08-03 23:59:59.999,841090034.1542541,1419281,3738.18331,425246221.2955304,0,-0.0066336604737614,-0.0455702209608396,0.0135753531503492,39.96335658521929,665.1162748967472,117664.0285,111901.6094,99201.46875,121337.70982127063,113990.3471787294,6.590214438191413,0.014771247579330682,1
2025-08-04,114208.81,115720.0,114107.6,114208.8,7397.76046,2025-08-04 23:59:59.999,1109938874.0629709,1954230,4715.29351,541443274.8093747,0,0.0147712475793306,-0.0436019429630395,0.0134716589290324,46.08940033913553,452.9637228040956,117382.4095,112077.4926,99270.026,121205.8138040543,113559.00519594568,27.483849275919237,0.00740949909288946,1
2025-08-05,115055.03,115127.81,112650.0,115055.03,9667.67916,2025-08-05 23:59:59.999,1371861747.1466167,2581052,5622.66754,640570774.1010684,0,0.0074094990928894,-0.0254720557752888,0.013508402278562,48.945181574859944,349.090883155397,117247.2565,112266.713,99345.36465,121196.99915470714,113297.51384529284,37.64535651672708,-0.008042064740672372,1
2025-08-06,114129.75,115716.0,113355.13,114129.75,12042.79078,2025-08-06 23:59:59.999,1118028732.8589184,2026500,4872.24748,558193207.677072,0,-0.0080420647406723,-0.0323949587098887,0.0135623878216933,46.071413282889495,189.91927507559012,117022.2225,112413.4174,99395.626,121140.35817079536,112904.0868292046,27.047123623011014,0.007557363439418818,1
2025-08-07,114992.27,117621.0,114259.0,114992.27,9761.15318,2025-08-07 23:59:59.999,1564454297.836927,2314671,7008.73753,814088870.444632,0,0.0075573634394188,-0.0241685569368034,0.0134650441695818,49.073128488120624,131.8528667500941,116812.95799999998,112622.2394,99447.8062,120896.94139393128,112728.97460606867,38.9881979695432,0.021564406024856986,2
2025-08-08,117472.02,117630.0,115878.71,117472.01,13468.56263,2025-08-08 23:59:59.999,1172199778.7242548,2095304,4584.90574,534970598.46875024,0,0.0215644060248569,0.0147535401309282,0.0139121151788898,56.559434463360915,282.6706623155769,116790.3165,112873.944,99528.5084,120854.36416251252,112726.26883748749,70.45697969543141,-0.006786893320374743,1
2025-08-09,116674.74,117944.05,116299.13,116674.74,10045.31278,2025-08-09 23:59:59.999,1111837601.7023723,1390951,4869.85416,569228301.1169946,0,-0.0067868933203747,0.0298046928130109,0.0135558376513949,53.82007615446076,334.01154872939514,116732.0535,113114.267,99600.58204999998,120767.54722319344,112696.55977680656,60.33934010152291,-0.0018212168289383213,1
2025-08-10,116462.25,119311.11,116460.63,116462.25,9514.13144,2025-08-10 23:59:59.999,1694198747.8718708,2317065,8023.43513,949082473.721322,0,-0.0018212168289383,0.0347936650100157,0.0110991399728868,53.08215478903999,353.47872129030293,116691.91,113377.5522,99652.1742,120721.36286541518,112662.4571345848,57.64276649746193,0.024314831629991707,2
2025-08-11,119294.27,122335.16,118050.11,119294.01,14322.77073,2025-08-11 23:59:59.999,3194611530.541069,4021743,13243.42946,1596640461.643077,0,0.0243148316299917,0.0445255531973016,0.011721111099486,60.79641360187801,590.5979166438337,116787.5925,113721.0322,99730.11095,120966.02067730276,112609.16432269724,93.57880710659892,-0.005096735368355865,1
2025-08-12,118686.0,120324.43,118207.47,118686.0,26494.33429,2025-08-12 23:59:59.999,1992762473.5852575,2737841,9265.05962,1104367998.1961715,0,-0.0050967353683558,0.0315585507213374,0.0117640838969744,58.56968148966963,721.1423811898276,116724.1715,114075.4748,99803.98925,120743.89836437446,112704.44463562556,64.96299624777726,0.012200933555769122,1
2025-08-13,120134.09,123667.79,118920.92,120134.08,16720.10893,2025-08-13 23:59:59.999,2811581348.3874574,3712817,11931.26825,1446045988.0483146,0,0.0122009335557691,0.0526096832771472,0.011689035341917,62.12747537612816,930.719014310598,116793.076,114371.4778,99880.30715000002,120992.96298133396,112593.18901866605,78.86657526144582,0.02640674486373884,2
2025-08-14,123306.44,124474.0,117180.0,123306.43,23210.07102,2025-08-14 23:59:59.999,3359128391.108524,4350449,13402.078476,1608719584.8697336,0,0.0264067448637388,0.0723019034235952,0.0125831746723795,68.50775066920522,1337.3757039144984,117041.348,114715.9464,99973.10505,122080.99513324516,112001.70086675482,96.92401719812833,-0.0406413517932519,0
2025-08-15,118295.09,119216.82,116803.99,118295.09,27980.947586,2025-08-15 23:59:59.999,1607609329.6851013,2895016,6141.41708,724799635.8172467,0,-0.0406413517932519,0.0070066052330253,0.014349178572218,53.24722219193049,1240.9756094000186,117075.38700000002,114935.0366,100051.4805,122139.19241918492,112011.58158081512,50.78134459136528,-0.008056462867562786,1
2025-08-16,117342.04,117898.99,117143.98,117342.05,13623.33874,2025-08-16 23:59:59.999,751719391.7723638,1179842,2995.22865,352158781.0964551,0,-0.0080564628675627,0.0057194042172281,0.0143609942965691,50.923981734002346,1075.280314730262,117046.49,115142.9364,100127.77659999998,122097.2657980851,111995.71420191487,43.189819977696374,0.00032903805583761603,1
2025-08-17,117380.66,118575.0,117172.21,117380.66,6393.68117,2025-08-17 23:59:59.999,695629197.9038073,1177563,2804.73113,330799448.0903654,0,0.0003290380558376,0.0078859029427991,0.0143321092927985,51.01722424361977,936.288157200048,116944.7455,115349.5978,100208.0023,121881.21926681588,112008.27173318413,43.49737135574322,0.0002074447357851561,1
2025-08-18,117405.01,117543.75,114640.14,117405.01,5898.64192,2025-08-18 23:59:59.999,2053814085.4717777,3346280,7647.70667,885108979.4887484,0,0.0002074447357851,-0.0158348269120972,0.0142045579736992,51.080350758947496,818.6636673151224,116911.88,115551.76219999998,100276.36115,121826.85983876664,111996.90016123338,40.21490189445192,-0.010033302667407429,1
2025-08-19,116227.05,116725.69,112732.58,116227.05,17745.93954,2025-08-19 23:59:59.999,2065010895.8584664,3291182,8609.4137,984093545.594422,0,-0.0100333026674074,-0.0207181133410848,0.0143210141901504,47.866564818181104,623.209908376055,116825.6945,115709.1646,100333.8817,121725.21071578516,111926.17828421488,30.252452638700973,-0.028858256318128994,0
2025-08-20,112872.95,114615.38,112380.0,112872.94,18065.47424,2025-08-20 23:59:59.999,1776149566.1247735,2998370,7209.58575,819330970.2158619,0,-0.0288582563181289,-0.0604419661764588,0.0152227416552658,40.125286771792986,195.41018375568092,116577.3265,115823.6934,100386.0986,121742.35130714024,111412.3016928598,1.1954261068933791,0.012388265956393196,1
2025-08-21,114271.23,114821.76,112015.67,114271.24,15636.34194,2025-08-21 23:59:59.999,1227373788.615563,2357380,5346.48007,605400341.4544928,0,0.0123882659563931,-0.0732742809924834,0.0154192377953505,44.17841469504322,-30.442138197657187,116502.6845,115995.4954,100454.27655,121754.97243582968,111250.39656417034,15.637836943939186,-0.01550031311465605,1
2025-08-22,112500.0,117429.05,111684.79,112500.0,10839.69235,2025-08-22 23:59:59.999,2656625122.2777863,3438518,11843.59711,1359907711.8726692,0,-0.015500313114656,-0.0489884237798881,0.015027775485167,40.443683849843765,-348.3405427115649,116462.788,116068.5034,100528.2736,121822.8596411506,111102.7163588494,3.887599702367827,0.03943102222222228,2
2025-08-23,116936.0,117030.0,114560.0,116935.99,23128.09037,2025-08-23 23:59:59.999,1308825428.0143583,1559569,5083.35014,587273893.1314433,0,0.0394310222222222,-0.0034604815579751,0.0167363785484599,51.50162343289636,-239.56840331120475,116682.27,116215.5276,100606.31094999998,121733.48424114664,111631.05575885334,41.05961196977772,-0.012809914210329953,1
2025-08-24,115438.06,115666.68,110680.0,115438.05,11329.36197,2025-08-24 23:59:59.999,2411284606.189177,2573906,9325.0671,1061855201.3343124,0,-0.0128099142103299,-0.0165496598843455,0.0168819509661715,48.244159093677546,-271.11173109371157,116743.7325,116364.6038,100694.68555,121702.1254521406,111785.3395478594,29.34708242338665,-0.01684418612407268,1
2025-08-25,113493.59,113667.28,109274.1,113493.59,21175.98462,2025-08-25 23:59:59.999,2805570653.6310234,4695718,11387.5817,1269662985.34418,0,-0.0168441861240726,-0.0333156140440684,0.0171126515160181,44.32496782528248,-447.8491903980321,116665.66050000004,116470.5132,100779.09135,121774.8308579409,111556.49014205916,20.397201681890653,-0.029795603434519924,0
2025-08-26,110111.98,112371.0,108666.66,110111.98,25182.79379,2025-08-26 23:59:59.999,2033437347.4999392,4077474,9863.43157,1087468493.596964,0,-0.0297956034345199,-0.0526131395402361,0.0178795569041563,38.471654519579005,-850.9730779965903,116464.77200000004,116488.67600000002,100846.8795,122230.7215484393,110698.82245156076,5.512404686872877,0.01499600679235824,1
2025-08-27,111763.22,112625.0,110345.42,111763.22,18452.43877,2025-08-27 23:59:59.999,1493774927.190832,3111496,6261.8455,698586344.1774796,0,0.0149960067923582,-0.009831585852198,0.0179504711873487,42.46689151040223,-1025.390333773263,116303.3195,116558.6816,100923.1616,122396.69068267567,110209.94831732436,19.589380629505015,-0.004484570147495814,1
2025-08-28,111262.01,113485.9,110862.42,111262.01,13392.60875,2025-08-28 23:59:59.999,1250788481.9453218,2066780,5139.46509,578866003.6838148,0,-0.0044845701474958,-0.0263340977134755,0.0178717268866633,41.58423797153509,-1190.3392340681312,115992.8195,116605.4622,100997.24795,122439.006292815,109546.632707185,16.418638429995127,0.011728082208833035,1
2025-08-29,112566.9,112638.64,107463.9,112566.9,11104.27744,2025-08-29 23:59:59.999,2475492492.5775294,3606959,10616.35644,1164321513.1044571,0,0.011728082208833,0.0005946666666665,0.0180421133439562,44.80093651610274,-1201.913794309774,115787.42750000002,116632.1204,101077.7687,122393.40679482368,109181.44820517636,36.968538865761175,-0.03721786777462999,0
2025-08-30,108377.4,108926.15,107350.1,108377.4,22580.31045,2025-08-30 23:59:59.999,1160666772.7387524,1411040,5797.17783,628457794.843401,0,-0.0372178677746299,-0.0731903839014832,0.0191895674597945,37.63538455933718,-1531.4902868716308,115383.185,116479.4684,101132.5016,122723.20808424604,108043.161915754,8.221508221508218,0.004050014117334522,1
2025-08-31,108816.33,109480.02,108076.93,108816.33,10708.39159,2025-08-31 23:59:59.999,1031806894.3513318,1366633,4573.61058,497406888.1691883,0,0.0040500141173345,-0.0573616758079333,0.0190120603425885,38.74086526906538,-1737.2382478602958,114859.301,116305.2418,101197.69225,122497.62068285704,107220.981317143,13.062298995982117,-0.005238000583184466,1
2025-09-01,108246.36,109912.4,107255.0,108246.35,9489.51596,2025-09-01 23:59:59.999,1742516638.781135,2729384,7532.99101,817730948.9844334,0,-0.0052380005831844,-0.0462338005168396,0.0186694369684034,37.803741949007346,-1924.1076959527272,114337.3185,116121.7688,101249.57405,122279.07924901888,106395.55775098114,8.792238305219431,0.009155689776144893,1
2025-09-02,109237.43,111771.52,108393.39,109237.42,16053.60219,2025-09-02 23:59:59.999,2042681451.9016385,2596328,9088.71727,1003032805.5367996,0,0.0091556897761448,-0.0079424600302346,0.0187377882476379,40.49888564241632,-1969.5285148746916,113792.4855,115924.78440000002,101312.72045,121562.00903542902,106022.96196457098,19.485062487406665,0.018332454208457083,1
2025-09-03,111240.01,112575.27,110528.71,111240.01,18510.28756,2025-09-03 23:59:59.999,1313762617.3436644,2214249,5539.29462,618293676.5075179,0,0.018332454208457,-0.0046814148697577,0.0188509314512282,45.62609000914935,-1822.9190879346424,113189.1645,115752.761,101381.4181,119678.34852399147,106699.98047600852,39.16837444282261,0.004186443348935365,1
2025-09-04,111705.72,112180.0,109329.12,111705.71,11773.72084,2025-09-04 23:59:59.999,1349031325.5320847,2230255,6070.78151,670681185.82571,0,0.0041864433489353,0.0039878840944902,0.0188122343460802,46.77469983328037,-1650.130288047876,112859.6955,115631.7134,101452.09835,118934.3430138716,106785.04798612835,43.745705987291245,-0.008726859173089796,1
2025-09-05,110730.87,113384.62,110206.96,110730.87,12203.13536,2025-09-05 23:59:59.999,2413132200.623325,2970419,10787.81127,1206066261.227201,0,-0.0087268591730897,-0.0163105673159694,0.0188217220236339,44.64851615863752,-1573.714558358275,112529.1365,115473.7222,101525.1621,118304.2853844028,106753.98761559716,34.16407428703411,-0.0006401105671796081,1
2025-09-06,110660.0,111307.7,109977.0,110659.99,21587.40888,2025-09-06 23:59:59.999,552785936.5434699,795201,2308.83297,255237426.946011,0,-0.0006401105671796,0.0210614943705975,0.0187550624448514,44.49016224152419,-1501.5648606429604,112193.103,115303.3708,101599.56205,117568.2268365281,106817.9791634719,34.83365728900261,-0.004265498307021387,1
2025-09-07,110187.98,111600.0,110180.0,110187.97,5000.29897,2025-09-07 23:59:59.999,630447950.1588689,874961,2570.85199,285303923.5404623,0,-0.0042654983070213,0.0126050933715555,0.0182647919157528,43.386595190555184,-1465.5794865281932,111832.251,115148.6334,101672.1432,116704.87004406708,106959.63195593294,34.867826641051536,0.008615913334277803,1
2025-09-08,111137.35,112924.37,110621.78,111137.34,5681.29944,2025-09-08 23:59:59.999,1295903862.4649603,1744598,5531.65969,618773275.3576307,0,0.0086159133342778,0.0267075056110435,0.0183410382889631,46.27318843307344,-1344.9508374465076,111577.7655,115014.5802,101744.60805,116018.15889239986,107137.37210760015,60.5453910309593,0.008349039125823854,1
2025-09-09,112065.23,113293.29,110766.66,112065.23,11582.40211,2025-09-09 23:59:59.999,1721465997.906366,2143242,7597.38038,849973176.1775683,0,0.0083490391258238,0.025886825228937,0.0184278457575198,49.00971356610208,-1161.0944219272642,111537.38,114910.5824,101813.4092,115944.48771997796,107130.27228002204,77.19960198366208,-0.0046298035528057335,1
2025-09-10,111546.38,114313.13,110917.45,111546.39,15379.28248,2025-09-10 23:59:59.999,1978834750.2223115,2182534,8274.63998,934646697.4823323,0,-0.0046298035528057,0.0027542248512923,0.0177973274762486,47.55126183948629,-1045.2044733361108,111401.1375,114793.903,101890.23125,115626.4858307728,107175.7891692272,68.87271501709229,0.02163772399985331,2
2025-09-11,113960.0,115488.09,113430.0,113960.0,17517.41823,2025-09-11 23:59:59.999,1562241144.956541,2166359,6744.29993,770595422.6905212,0,0.0216377239998533,0.0201806156551889,0.0183033033587535,54.356006844127826,-749.9576535186934,111474.1375,114674.0146,101977.2762,115821.58597196196,107126.68902803805,94.9968334388853,0.013361618111618068,1
2025-09-12,115482.69,116665.63,114740.99,115482.69,13676.73119,2025-09-12 23:59:59.999,1772122269.5018637,2481491,7995.57276,924775389.8569396,0,0.013361618111618,0.0429132363901774,0.0183337884740746,58.05345496660205,-388.624245929328,111401.4725,114608.5486,102073.39965,115417.25629524652,107385.68870475348,99.93441101700584,0.004734302604139096,1
2025-09-13,116029.41,116298.78,115127.27,116029.42,15324.10719,2025-09-13 23:59:59.999,957724220.6497612,1223635,3590.09359,415773029.4393527,0,0.004734302604139,0.0485218731720469,0.0176236560329823,59.327444929313714,-57.485715813119896,111431.041,114562.3172,102195.78235,115572.03246766151,107290.0495323385,93.23945368163442,-0.0009577743299932218,1
2025-09-14,115918.29,116165.19,115135.0,115918.29,8269.40394,2025-09-14 23:59:59.999,775762364.9685991,1237218,3406.90777,393977059.3035421,0,-0.0009577743299932,0.0520049511757045,0.0160308901287147,58.93562116849717,193.74334015614295,111552.27599999998,114528.3968,102331.9718,116053.9731995532,107050.57880044676,92.05855505954425,-0.005609813602322822,1
2025-09-15,115268.01,116757.99,114384.0,115268.01,6707.60197,2025-09-15 23:59:59.999,1522648235.2235153,2857989,6621.3636,763138585.685025,0,-0.0056098136023228,0.0371672562974783,0.0159975838160125,56.58079977901241,336.49313226704544,111810.07749999998,114475.3572,102487.0614,116537.2200344582,107082.93496554178,85.14849696566533,0.000708782948538822,1
2025-09-16,115349.71,116964.27,114737.11,115349.71,13212.51149,2025-09-16 23:59:59.999,1265779287.5169268,2047058,5292.18365,613182568.9919184,0,0.0007087829485388,0.0293086446170682,0.01599838831784,56.81426744436955,451.0168368295126,111989.402,114394.0404,102640.26705,116961.58541956858,107017.21858043142,83.16380938717933,0.012477274541912609,1
2025-09-17,116788.96,117286.73,114720.81,116788.96,10926.9094,2025-09-17 23:59:59.999,1946083704.6217456,3227418,7975.0019,926282110.833079,0,0.0124772745419126,0.0469990109047904,0.0161718739600407,60.81185924087943,650.4155587878049,112265.7495,114368.5732,102802.46215,117643.33890135329,106888.1600986467,97.70390889504468,-0.0029229646363835293,1
2025-09-18,116447.6,117900.0,116092.76,116447.59,16754.2454,2025-09-18 23:59:59.999,1367513347.486509,2252654,5717.34538,670700552.9347277,0,-0.0029229646363835,0.021828624078624,0.0160722922388906,59.407199827446135,771.9956907062733,112459.784,114338.5098,102954.37745,118138.45372886644,106781.11427113354,89.45487401368,0.005375293726559649,1
2025-09-19,117073.53,117459.99,115100.0,117073.53,11657.23365,2025-09-19 23:59:59.999,1045792401.4532388,1732471,4020.81483,467345983.0786799,0,0.0053752937265596,0.0137755710401272,0.0151263322674579,61.17793425017836,908.385643739748,112894.5905,114323.17440000002,103068.3951,118588.02722359556,107201.15377640443,89.56872396819385,-0.01230978514101344,1
2025-09-20,115632.39,116121.81,115408.47,115632.38,8992.09065,2025-09-20 23:59:59.999,541264273.2416894,740451,2276.16483,263511469.8432588,0,-0.0123097851410134,-0.0034218907583954,0.015175720170439,55.2067835993103,889.9283631393191,113235.393,114320.5404,103215.45395,118723.86208323724,107746.92391676274,71.37927552694693,0.0004605111474831336,1
2025-09-21,115685.63,115819.06,115188.0,115685.63,4674.92752,2025-09-21 23:59:59.999,521299751.1504096,945965,2016.72489,233031538.74699312,0,0.0004605111474831,-0.0020071034519227,0.0148719516051456,55.38007903575288,869.5737602399604,113607.357,114368.2944,103357.4722,118685.98735360232,108528.72664639768,71.31645077720214,-0.003918723526854739,1
2025-09-22,115232.29,115379.25,111800.0,115232.29,4511.52219,2025-09-22 23:59:59.999,2348872511.6988754,3045876,9312.35777,1052684266.8981876,0,-0.0039187235268547,-0.0003098864984308,0.0130013258937546,53.48302394174687,807.5528746608034,113907.1005,114422.0132,103480.6036,118612.61993779488,109201.5810622051,63.34666992753714,-0.022400839209218093,0
2025-09-23,112650.99,113290.5,111458.73,112650.99,20781.71356,2025-09-23 23:59:59.999,1383869800.273703,2455729,5543.3609,623665658.7200328,0,-0.022400839209218,-0.0233959842638529,0.0134277571106571,44.19897016340033,543.8424614616233,113977.6495,114390.85700000002,103594.1991,118561.84985605616,109393.44914394386,26.415816433816456,-0.005789474198140687,1
2025-09-24,111998.8,113940.0,111042.66,111998.8,12301.3203,2025-09-24 23:59:59.999,1394470628.502582,2229837,6100.69487,687826281.220477,0,-0.0057894741981406,-0.041015520645102,0.0131183133726865,42.20549412534148,279.0075512746698,113992.304,114329.7324,103720.18435,118549.15171935406,109435.45628064594,15.486462681971563,0.011680482290881589,1
2025-09-25,113307.01,113510.23,108631.51,113307.0,12369.25967,2025-09-25 23:59:59.999,2356639689.9252143,4409953,9511.07937,1055527535.7684448,0,0.0116804822908815,-0.0269699870989171,0.0120510702842755,47.33640062192369,172.69407404813683,114121.1105,114313.2774,103855.6071,118441.41542521364,109800.80557478635,33.02067565557487,-0.03806040226993912,0
2025-09-26,108994.49,110300.0,108620.07,108994.49,21231.14957,2025-09-26 23:59:59.999,1557098915.9392595,3257155,6978.29033,762955442.7524,0,-0.0380604022699391,-0.0690082548975844,0.0137090750181549,35.99254371044552,-256.5858761897107,114037.8355,114193.32180000002,103996.9077,118674.41530319818,109401.25569680182,3.916279782359481,0.0059541541962351285,1
2025-09-27,109643.46,109743.91,109064.4,109643.46,14243.01591,2025-09-27 23:59:59.999,601947588.9970765,919594,2523.25886,276080500.9941954,0,0.0059541541962351,-0.0517927590870308,0.0137432915019003,38.38546213020098,-538.2225793539546,114010.61000000002,114036.7508,104152.1457,118742.70485253692,109278.5151474631,11.027992668048144,-6.940678449951498e-05,1
2025-09-28,109635.85,112350.0,109189.99,109635.85,5501.78643,2025-09-28 23:59:59.999,832254944.3203354,1484866,3781.87606,417495757.16935,0,-6.940678449951498e-05,-0.0522949998197701,0.013551864110848,38.367348569484705,-753.3515909002599,113935.5355,113895.973,104285.66,118890.00276542272,108981.06823457728,10.945987739131647,0.02305906325348861,2
2025-09-29,112163.96,114400.0,111560.65,112163.95,7542.3316,2025-09-29 23:59:59.999,1755247635.871136,2442653,7836.68768,884934987.568753,0,0.0230590632534886,-0.0266274322935003,0.0123825874463433,47.2694692168405,-711.64296358297,113940.4715,113810.007,104428.07915,118887.66696125452,108993.27603874546,38.18865012990392,0.01915062727373651,1
2025-09-30,114311.97,114792.0,112656.27,114311.96,15541.12005,2025-09-30 23:59:59.999,1710713267.1300955,3018331,7185.72154,817044461.2701814,0,0.0191506272737365,0.0147443888420333,0.0128014329045375,53.42495886316377,-499.5041477237537,114078.75,113710.366,104594.06005,118903.63700935122,109253.86299064878,61.33548421162664,-0.002300984079006363,1
2025-10-01,114048.94,118649.1,113966.67,114048.93,15044.15633,2025-10-01 23:59:59.999,2332096981.2659335,3430343,10071.04092,1172422657.4065175,0,-0.0023009840790063,0.0183049282670884,0.0127575147416685,52.614998633010195,-348.5886179454683,114083.1965,113617.6246,104744.3887,118907.80146844428,109258.59153155572,58.50108783148138,0.03986061070454605,2
2025-10-02,118594.99,121022.07,118279.31,118594.99,20036.39516,2025-10-02 23:59:59.999,2349861127.34458,3472073,9753.07848,1164986423.9898076,0,0.039860610704546,0.0466695791080868,0.0144814328175493,63.043556038832875,136.27122581753065,114238.81150000004,113586.8428,104915.67145,119421.42557927092,109056.19742072912,99.46046626642854,0.01631063841735636,1
2025-10-03,120529.35,123894.99,119248.3,120529.35,19670.83503,2025-10-03 23:59:59.999,2907381076.6813188,4246820,11288.62355,1372792607.6136217,0,0.0163106384173563,0.1058297534123056,0.0144114057097482,66.4291332014578,668.9021435712493,114463.808,113531.3012,105105.44555,120288.74698324692,108638.86901675306,96.0270924044509,0.014126434764644369,1
2025-10-04,122232.21,122800.0,121510.0,122232.0,23936.328,2025-10-04 23:59:59.999,1002272903.3446472,1703590,3767.80335,460154433.12366194,0,0.0141264347646443,0.1148134143158194,0.0145584349998986,69.11146566283111,1214.4066843347537,114779.4935,113610.0394,105296.5554,121500.88789633002,108058.09910367,89.11293807103405,0.0013008050265068682,1
2025-10-05,122390.99,125708.42,122136.0,122391.0,8208.16678,2025-10-05 23:59:59.999,2730817470.939564,3690670,11780.672403,1459478400.9109964,0,0.0013008050265068,0.1163410508515234,0.0143914842266585,69.35768831294357,1640.64065006873,115135.643,113711.0184,105494.93525,122632.91245836744,107638.37354163257,90.15386005294953,0.008916587003946264,1
2025-10-06,123482.32,126199.63,123084.0,123482.31,22043.097553,2025-10-06 23:59:59.999,2428828952.2653184,4206167,9963.008153,1241625129.7177184,0,0.0089165870039462,0.1009090710517952,0.0144037533558563,71.06268902668548,2042.9439491472583,115542.273,113833.0514,105678.1171,123877.25125848688,107207.29474151312,86.97293770317204,0.009525493975614863,1
2025-10-07,124658.54,125126.0,120574.94,124658.54,19494.628793,2025-10-07 23:59:59.999,2657405799.8705487,4390785,9699.35099,1191947741.6989057,0,0.0095254939756148,0.0905117889676634,0.0143587375522135,72.81822469600041,2428.6877424521226,115935.752,113978.12200000002,105880.29285,125164.13099002576,106707.37300997428,91.23362587004446,-0.02667759465175834,0
2025-10-08,121332.96,124197.25,121066.14,121332.95,21633.99385,2025-10-08 23:59:59.999,2084842842.4416168,4184997,9039.06222,1107976264.6948595,0,-0.0266775946517583,0.0638674996775507,0.0153947219803593,61.46453051160838,2437.942079173008,116180.02000000002,114080.24,106066.51365,125703.56266976552,106656.47733023451,72.3162581998639,0.016261452474369165,1
2025-10-09,123306.01,123762.94,119651.47,123306.0,17012.618,2025-10-09 23:59:59.999,2621438087.566734,4231167,10144.15364,1233882833.5642388,0,0.0162614524743691,0.0397235161451592,0.0155556683030523,64.9556826781203,2574.804114163184,116491.6435,114288.9012,106263.8407,126506.91555461216,106476.37144538786,83.5398041816746,-0.013329440578722873,1
2025-10-10,121662.41,122550.0,102000.0,121662.4,21559.36007,2025-10-10 23:59:59.999,7349750905.041157,11404522,30502.14297,3493298452.846008,0,-0.0133294405787228,0.0094006148709835,0.0157881086599612,60.07329456796012,2521.576316914303,116793.1445,114436.7244,106441.7402,127047.00917239854,106539.27982760148,74.19030965507662,-0.07305379476321361,0
2025-10-11,112774.49,113322.39,109561.59,112774.5,64171.93927,2025-10-11 23:59:59.999,3961069473.231136,6661929,15375.94796,1718429599.5669522,0,-0.0730537947632136,-0.0773733555860985,0.0206532125132159,41.7835337850256,1742.131446512314,116647.58800000002,114442.2144,106568.1219,127041.89302684178,106253.28297315826,44.52340800251904,-0.01888813517240162,1
2025-10-12,110644.4,115770.0,109565.06,110644.4,35448.51652,2025-10-12 23:59:59.999,3638546528.740156,6048575,16915.44533,1907676479.1772509,0,-0.0188881351724016,-0.095976011308021,0.0207653282197628,38.739391902946615,941.679409057615,116418.1935,114316.3826,106684.37955,127125.11318735244,105711.2738126476,35.721207307715005,0.03899338782622541,2
2025-10-13,114958.81,115963.81,113616.5,114958.8,32255.30272,2025-10-13 23:59:59.999,2591831660.9857492,5739352,10710.89723,1230950583.8424664,0,0.0389933878262254,-0.0690261625329166,0.0220084775878611,47.1396871510029,647.9818935696676,116533.584,114306.7976,106824.6277,127124.73458702026,105942.43341297972,53.54957906381213,0.0018023848543999854,1
2025-10-14,115166.0,115409.96,109866.0,115166.0,22557.24033,2025-10-14 23:59:59.999,3578140778.808499,7425642,14944.19197,1677011392.6343808,0,0.0018023848543999,-0.0761483328779559,0.0220104115530073,47.511931289232535,427.02136840310413,116691.944,114340.2458,106964.29765,127100.27543268504,106283.61256731494,54.4057905017556,-0.018563291249153346,1
2025-10-15,113028.13,113612.35,110164.0,113028.14,31870.32974,2025-10-15 23:59:59.999,2569639641.352769,5243141,10499.31831,1173678794.920774,0,-0.0185632912491533,-0.0684464525093966,0.0222504298959748,44.0640173152681,78.49626898880524,116678.001,114398.569,107107.31645,127105.16304712863,106250.83895287136,45.57152320097455,-0.020038018850880857,0
2025-10-16,110763.28,111982.45,107427.0,110763.28,22986.48811,2025-10-16 23:59:59.999,3277596494.761919,6127094,13126.95119,1441416875.126377,0,-0.0200380188508808,-0.1017202731416151,0.0225350288514629,40.69472537632856,-376.1318433043198,116766.4405,114378.5702,107247.89015,126958.78757123844,106574.09342876155,36.212454487940505,-0.023193607123227156,0
2025-10-17,108194.27,109240.0,103528.23,108194.28,29857.17252,2025-10-17 23:59:59.999,4022645635.2212014,7570685,17996.99946,1909654487.4562209,0,-0.0231936071232271,-0.1107007588211311,0.0227340006003,37.218405417168235,-932.970029935066,116693.9815,114317.2156,107376.9116,127106.08765008964,106281.87534991036,25.59658969992515,-0.016291064555353674,1
2025-10-18,106431.68,107499.0,106322.2,106431.68,37920.66838,2025-10-18 23:59:59.999,1189002999.143113,2105450,4845.85641,518065716.6618129,0,-0.0162910645553536,-0.0562433883546369,0.022877369232669,35.008711636870515,-1499.213395187806,116533.773,114194.5112,107496.31995,127461.20681530944,105606.33918469056,18.31300726498708,0.007078061719969053,1
2025-10-19,107185.0,109450.07,106103.36,107185.01,11123.18766,2025-10-19 23:59:59.999,1670074079.5802343,3205640,7100.31013,766423535.8177378,0,0.007078061719969,-0.0312658390302627,0.0229002904401334,36.73748074651303,-1865.6716056258592,116284.826,114170.6634,107606.4533,127809.6563531332,104759.9956468668,21.425988744455985,0.01360050253295686,1
2025-10-20,108642.77,111705.56,107402.52,108642.78,15480.66423,2025-10-20 23:59:59.999,2119912185.5934684,4283542,9280.50075,1024925788.7216992,0,0.0136005025329568,-0.0549415964676041,0.0230129096795908,40.06014141443005,-2015.2321795516764,116001.367,114167.1924,107737.08575,127976.426582825,104026.30741717503,27.449923821149323,0.017390110967337113,1
2025-10-21,110532.09,114000.0,107473.72,110532.09,19193.4416,2025-10-21 23:59:59.999,4114477849.9320545,6004063,17034.07155,1881327751.3346128,0,0.0173901109673371,-0.0402367886355348,0.0232767311337759,44.15397928585643,-1958.729470467326,115825.525,114212.9072,107873.68075,128011.52378996812,103639.52621003188,36.8939289111822,-0.0202151248565009,0
2025-10-22,108297.66,109163.88,106666.69,108297.67,37228.01659,2025-10-22 23:59:59.999,3090291706.4439816,5547903,13766.58861,1487179903.5999787,0,-0.0202151248565009,-0.0418521440766874,0.023529887156996,40.62047072934613,-2070.3835933161463,115310.659,114194.1122,107995.71975,127850.11478644628,102771.2032135537,28.371397357780797,-0.006742804346575482,1
2025-10-23,107567.45,111293.61,107500.0,107567.44,28610.78451,2025-10-23 23:59:59.999,1924582289.4113936,3721614,8575.33716,938905317.7034107,0,-0.0067428043465754,-0.0288528833743456,0.0232287950206909,39.50772019506451,-2192.5197454818262,114662.5635,114120.6608,108115.867,127394.50684174705,101930.62015825296,25.582205345417492,0.02334107793213258,2
2025-10-24,110078.19,112104.98,109700.01,110078.18,17573.09294,2025-10-24 23:59:59.999,1662806764.9533324,3241022,7511.2434,832390454.8076226,0,0.0233410779321325,0.0174121959127597,0.0236387485760969,45.07857000413987,-2062.937531418109,114054.8725,114088.1102,108274.1079,126439.10717482113,101670.63782517891,39.30987834549875,0.008418652997351561,1
2025-10-25,111004.9,111943.19,110672.86,111004.89,15005.16913,2025-10-25 23:59:59.999,714201332.9751225,1238199,3087.0866,344113931.7999452,0,0.0084186529973515,0.0429685033629085,0.0235891816848238,47.0180108946382,-1863.9781610671344,113485.567,114093.5906,108433.31615,125319.21004779096,101651.92395220906,60.123130565683326,0.005777943656356088,1
2025-10-26,111646.27,115466.8,111260.45,111646.27,6407.96864,2025-10-26 23:59:59.999,1525108635.874829,2463951,6982.18154,791462349.3516057,0,0.005777943656356,0.0416220514417082,0.022509623525769,48.37675068993644,-1635.6921796118986,112893.76499999998,114113.3162,108609.9354,123817.30920153766,101970.22079846232,65.28075087772349,0.026092497313165763,2
2025-10-27,114559.41,116400.0,113830.01,114559.4,13454.47737,2025-10-27 23:59:59.999,2470872744.548968,3660488,10969.70182,1263753536.9973898,0,0.0260924973131657,0.0544593943564404,0.0229567528650405,54.1306205736559,-1205.8088359690591,112388.808,114200.7448,108769.6563,121937.46096605089,102840.15503394914,88.70651791070458,-0.0039433691168074825,1
2025-10-28,114107.65,116086.0,112211.0,114107.65,21450.23241,2025-10-28 23:59:59.999,1772753529.8642745,3829845,7765.31574,887031686.0163724,0,-0.0039433691168074,0.0323486147778442,0.0229780594028602,53.14145024418314,-891.3012723062275,112027.543,114260.151,108942.15805,120701.9923892196,103353.0936107804,82.19087196244179,-0.010597010805147522,1
2025-10-29,112898.44,113643.73,109200.0,112898.45,15523.42257,2025-10-29 23:59:59.999,2356715986.5335455,4481480,10407.07233,1163985607.3569083,0,-0.0105970108051475,0.0424827237742049,0.022713921827079,50.482247691292315,-731.1953318603337,111507.16549999996,114276.8154,109089.5311,118498.15102254742,104516.17997745251,72.79667054336737,-0.02548449513700146,0
2025-10-30,110021.3,111592.0,106304.34,110021.29,21079.71376,2025-10-30 23:59:59.999,2827221287.4227977,6373451,12551.13144,1365671836.7455924,0,-0.0254844951370014,0.0228122004204989,0.0229091489377873,44.74488890202738,-826.9405314328178,110925.11,114246.3134,109213.25305,116153.3536636455,105696.86633635448,50.44418910530561,-0.015437103127948992,1
2025-10-31,108322.87,111190.0,108275.28,108322.88,25988.82838,2025-10-31 23:59:59.999,2361590437.9414105,5256872,10798.53938,1185034290.9237795,0,-0.0154371031279489,-0.0159459395131713,0.0230595722471551,41.729911912324546,-1028.0164509675817,110702.529,114133.571,109336.06745000002,115975.72860938004,105429.32939061998,37.24934488419236,0.011863883235009975,1
2025-11-01,109608.01,110564.49,109394.81,109608.01,21518.20439,2025-11-01 23:59:59.999,812389216.4346799,1994214,3406.68401,375126956.08097214,0,0.0118638832350099,-0.0125839501304853,0.0218654527576505,44.76283340071485,-1071.3217844951723,110650.7095,114016.0774,109461.1496,115945.50049211562,105355.91850788436,34.03683143238954,0.004471297307560018,1
2025-11-02,110098.1,111250.01,109471.34,110098.1,7378.50431,2025-11-02 23:59:59.999,1336870531.1415012,2652188,5921.86453,654016950.2549777,0,0.00447129730756,-0.01386674180875,0.0216218036988396,45.91887815665022,-1053.9461707689916,110407.6745,113897.451,109593.42015,115321.70485256692,105493.6441474331,38.79653945364707,0.004019869552698729,1
2025-11-03,110540.69,110750.0,105306.56,110540.68,12107.00087,2025-11-03 23:59:59.999,3076006652.0015674,7074546,12847.08574,1377869106.6681776,0,0.0040198695526987,-0.0350797926665118,0.02142711130791,46.99767289481582,-993.016488553112,110176.4085,113789.8988,109725.97165,114581.96910391196,105770.84789608802,41.9619915884647,-0.03580256607793619,0
2025-11-04,106583.05,107299.0,98944.36,106583.04,28681.18779,2025-11-04 23:59:59.999,5197697635.212413,9099609,23388.99033,2406186713.1705294,0,-0.0358025660779361,-0.0659430809415495,0.0222193048366501,39.42434442175594,-1249.6723046112893,109854.1535,113616.1994,109834.1473,114320.64608595392,105387.66091404604,11.50662012865257,-0.04771697260652341,0
2025-11-05,101497.23,104534.74,98966.8,101497.22,50534.87376,2025-11-05 23:59:59.999,3454273922.7003846,6500368,18126.84828,1854232277.0330112,0,-0.0477169726065234,-0.1009865945900939,0.0234257717343866,32.23556567943079,-1842.2210801028996,109390.8505,113339.1496,109919.25995,115126.12055878797,103655.580441212,14.624843317116992,0.023527146851904046,2
2025-11-06,103885.16,104200.0,100300.95,103885.16,33778.77571,2025-11-06 23:59:59.999,2641767846.305827,5755001,11972.54796,1225474173.0204284,0,0.023527146851904,-0.0557722055431271,0.0238857644960333,37.95610288057123,-2094.9837836350343,109175.3945,113081.0736,110013.30069999998,115378.92630692662,102971.8626930734,28.30489171408211,-0.024441604556416086,0
2025-11-07,101346.04,104096.36,99260.86,101346.04,25814.62139,2025-11-07 23:59:59.999,3251112979.305884,6335759,16056.80582,1629564159.11658,0,-0.024441604556416,-0.0644078148586891,0.0238217029898792,34.61040881958921,-2471.6936649364507,108921.1125,112779.0426,110094.1347,115919.63620598876,101922.58879401126,13.758762210952982,0.01966569192047385,1
2025-11-08,103339.09,103406.22,101454.0,103339.08,32059.50942,2025-11-08 23:59:59.999,1267165565.37527,2743819,5862.65977,599611355.3671467,0,0.0196656919204738,-0.0571940864540829,0.023937765451142,39.14480770130147,-2579.6803392901347,108728.816,112504.3536,110173.24895,116108.54697583833,101349.08502416169,25.17650455669343,-0.009929834869828569,1
2025-11-09,102312.95,105495.62,101400.0,102312.94,12390.77985,2025-11-09 23:59:59.999,1687020822.3668208,3404204,8224.94939,849620657.0869098,0,-0.0099298348698285,-0.0707111203553921,0.0239078914116278,37.695450853107054,-2716.7445389770437,108412.324,112237.9648,110217.59870000002,116304.78705422507,100519.86094577493,19.297946107962822,0.023555378234659363,2
2025-11-10,104722.95,106670.11,104265.02,104722.96,16338.97096,2025-11-10 23:59:59.999,2400141664.389342,4710957,11595.81944,1226965888.74677,0,0.0235553782346593,-0.0526296744329778,0.0207954631069933,43.030543347569626,-2600.918660794676,108121.8675,112018.7114,110272.7581,116107.92490742498,100135.81009257503,33.104486572821195,0.012300740926345144,1
2025-11-11,106011.13,107500.0,102476.09,106011.13,22682.25673,2025-11-11 23:59:59.999,2532279071.006922,5532149,10717.03395,1121890584.1997764,0,0.0123007409263451,-0.0053658630866598,0.0207147690140475,45.70666547143167,-2377.771791440464,108007.5405,111834.2882,110332.9114,116045.55589672273,99969.5251032773,41.22575202839405,-0.027847453375886122,0
2025-11-12,103059.0,105333.33,100813.59,103058.99,24196.50718,2025-11-12 23:59:59.999,2108514405.2608771,5314132,10155.72095,1047214063.138287,0,-0.0278474533758861,0.0153873179974781,0.019815861723039,40.958201166465734,-2411.342856288975,107782.118,111642.44819999998,110375.01295,116104.69710891308,99459.5388910869,27.991879924105632,-0.013629281637633106,1
2025-11-13,101654.37,104085.01,98000.4,101654.37,20457.63906,2025-11-13 23:59:59.999,3654698026.540381,8125404,17250.22426,1742449117.5763607,0,-0.0136292816376331,-0.021473615673307,0.0198751628052554,38.88807567001142,-2522.214740642783,107360.9275,111435.5596,110410.1448,116021.82792915216,98700.02707084782,21.427001401051857,-0.0193041381300183,1
2025-11-14,99692.03,99866.02,94012.45,99692.02,36198.50771,2025-11-14 23:59:59.999,4566085156.747207,9551025,21184.91518,2045542286.8634837,0,-0.0193041381300183,-0.016320519282253,0.0198943852838346,36.13989670191257,-2736.8777299155045,106795.284,111163.26,110439.8584,115896.82902684849,97693.73897315156,12.767319189017714,-0.05113769386957956,0
2025-11-15,94594.0,96846.68,94558.49,94594.0,47288.14481,2025-11-15 23:59:59.999,1449074019.0674856,4263558,7115.78198,682358960.754042,0,-0.0511376938695795,-0.0846251002041047,0.0215048731460246,30.17405202777805,-3280.5511519392603,105942.6705,110875.2502,110437.7725,116189.53226199884,95695.80873800116,3.3737373502978554,0.010595175169672455,1
2025-11-16,95596.23,96635.11,93005.55,95596.24,15110.89391,2025-11-16 23:59:59.999,2261295524.8173394,5141394,10828.62752,1025540141.3111866,0,0.0105951751696724,-0.0656485875589147,0.0214048419640505,32.53201853564707,-3589.1701446708175,104994.5125,110594.3058,110444.4696,115385.00242880946,94604.02257119054,9.1880173295989,-0.013962892264381965,1
2025-11-17,94261.45,96043.0,91220.0,94261.44,23889.4051,2025-11-17 23:59:59.999,3674562070.2386065,8134322,18690.19245,1750979467.7862608,0,-0.0139628922643819,-0.0998970999291846,0.0213625240775452,31.02915386795721,-3896.543200005559,104002.202,110286.8176,110444.9168,114511.88679481288,93492.51720518712,7.077649631293163,-0.02170877083991085,0
2025-11-18,92215.14,93836.01,89253.78,92215.14,39218.59806,2025-11-18 23:59:59.999,3641033186.3004584,8786593,20130.95957,1841176605.1418235,0,-0.0217087708399108,-0.1301371846522153,0.0215023543907569,28.830302603405997,-4256.195101478574,102968.0365,109887.8414,110423.54295,113836.97397261568,92099.09902738432,6.112653562653559,0.0080864161785148,1
2025-11-19,92960.83,92980.22,88608.0,92960.83,39835.14769,2025-11-19 23:59:59.999,2925773651.255958,6822174,15060.08451,1365200809.1745572,0,0.0080864161785148,-0.0979842709500646,0.0213629699472414,30.755972921772155,-4429.984766718364,102115.0135,109460.8188,110403.91139999998,113308.86753822964,90921.15946177037,20.316810824378983,-0.015123251373723723,1
2025-11-20,91554.96,93160.0,86100.0,91554.96,32286.6376,2025-11-20 23:59:59.999,3548950335.0984216,7841395,18283.84047,1634256490.957432,0,-0.0151232513737237,-0.0993504755378444,0.0210118647297176,29.154344991931453,-4627.809777755596,101276.6175,109010.9394,110382.4041,112984.99746932687,89568.23753067313,15.598983696802913,-0.05371341978632305,0
2025-11-21,86637.22,87498.94,80600.0,86637.23,39733.19073,2025-11-21 23:59:59.999,6061348756.341564,11826480,34071.85828,2859133223.2240524,0,-0.053713419786323,-0.1309512035165905,0.0226195132947698,24.37304351543102,-5122.359860160781,100128.0785,108371.7842,110344.20215,112808.35875105408,87447.79824894592,2.5104205607476446,-0.01740360350856096,1
2025-11-22,85129.42,85620.0,83500.0,85129.43,72256.12679,2025-11-22 23:59:59.999,1197657354.9690385,4697593,6688.79428,564562148.9373932,0,-0.0174036035085609,-0.1000546546292577,0.0226963411232397,23.12101703362731,-5571.733743980672,98879.645,107663.7858,110296.1809,112283.62903657666,85475.66096342332,16.838029739776925,-0.00457761786963673,1
2025-11-23,84739.75,88127.64,84667.57,84739.74,14193.93263,2025-11-23 23:59:59.999,1708685030.2798696,5063493,10406.51703,901210513.5204473,0,-0.0045776178696367,-0.1135661821008859,0.0219475150337817,22.79510118416367,-5891.398140204459,97589.598,106913.9406,110235.7095,111220.49445736948,83958.70154263053,15.389368029739796,0.02466682102163631,2
2025-11-24,86830.0,89228.0,85272.0,86830.0,19734.46418,2025-11-24 23:59:59.999,2150393686.9203186,6189156,12438.87518,1085485389.0234168,0,0.0246668210216363,-0.0788386003863298,0.0225697067968923,28.60826071853711,-5907.964625676599,96601.946,106202.7206,110184.707,110345.19533783713,82858.69666216288,23.159851301115243,0.01692974778302414,1
2025-11-25,88300.01,88519.99,86116.0,88300.01,24663.12795,2025-11-25 23:59:59.999,1708989000.038937,4838747,9423.17985,823123525.1402558,0,0.0169297477830241,-0.0424564773203186,0.0228923612076531,32.4598004790155,-5736.351078674124,95942.0855,105499.0746,110109.89905,109946.61782374165,81937.55317625837,28.624572490706303,-0.010532841389259029,1
2025-11-26,87369.97,90656.08,86306.77,87369.96,19567.0411,2025-11-26 23:59:59.999,1916851896.6699688,4668280,10883.61063,962765375.8163832,0,-0.010532841389259,-0.0601422125856664,0.0219963678321227,31.308932837661587,-5610.716521009235,95116.3255,104753.303,110031.8889,109097.64117168717,81135.00982831286,27.371809618842292,0.035642227603171595,2
2025-11-27,90484.01,91950.0,90089.91,90484.02,21675.82239,2025-11-27 23:59:59.999,1535778106.5787077,3920172,8898.35835,812005498.7594875,0,0.0356422276031715,-0.0116972362829933,0.0234351584116851,39.095313116585025,-5199.930055362856,94573.2245,104136.3244,109960.26135,108387.24402457448,80759.20497542551,42.08650539216295,0.009393150304329856,1
2025-11-28,91333.94,93092.0,90180.63,91333.95,16833.50932,2025-11-28 23:59:59.999,1721418035.0795596,4229754,8961.64712,820315728.918691,0,0.0093931503043298,0.054211336165757,0.0236255481080963,41.05909396608454,-4751.029661419248,93972.968,103496.8834,109896.3411,107243.85490668604,80702.08109331397,55.714413251932655,-0.004853069422706469,1
2025-11-29,90890.71,91165.65,90155.47,90890.7,18830.86012,2025-11-29 23:59:59.999,673725652.9787655,1677860,3359.04932,304614219.1452583,0,-0.0048530694227064,0.0676765955087448,0.0233607354882372,40.328783216043,-4380.543259766346,93401.856,102881.4494,109836.838,106161.19815531831,80642.51384468167,63.34032553112391,-0.000971056444718732,1
2025-11-30,90802.44,92000.01,90336.9,90802.44,7429.88291,2025-11-30 23:59:59.999,884051773.1655338,2154030,5002.96698,456606490.1203246,0,-0.0009710564447187,0.0715449445561196,0.0233101795841109,40.17554750149966,-4047.39609881588,92705.83,102442.0082,109770.3316,104392.61386119244,81019.04613880758,63.62563150486652,-0.004872556288134988,1
2025-12-01,90360.01,90417.0,83822.76,90360.0,9687.74175,2025-12-01 23:59:59.999,2977024047.2231607,7709685,15524.33346,1338718794.0013125,0,-0.0048725562881349,0.0406541517908556,0.0230769651531922,39.36800856894708,-3775.5535527855536,91923.2735,102036.3202,109704.5925,101914.5557187765,81931.9912812235,63.20015541021822,-0.0450862107127048,0
2025-12-02,86286.01,92307.65,86184.39,86286.01,34509.01227,2025-12-02 23:59:59.999,2519515177.662365,6397299,13512.33949,1206199898.2941513,0,-0.0450862107127048,-0.0228086044384366,0.024043507201309,32.82526166500769,-3844.535905009252,91084.6245,101462.8644,109617.204,99948.44440760463,82220.80459239538,42.95864085929217,0.05785259974357393,2
2025-12-03,91277.88,94150.0,90990.23,91277.88,28210.22732,2025-12-03 23:59:59.999,2386223626.8613906,6733182,12993.19312,1206219500.4577343,0,0.0578525997435739,0.0447284169524628,0.0268067200729014,44.907266075089574,-3456.557680626007,90565.8,100985.102,109556.2739,97992.38423893176,83139.21576106825,85.01496815286627,0.023577125147954625,2
